# identifiant Free Exercise DB	nom en français	consigne en français
3_4_Sit-Up	Redressement assis aux 3/4	Couché, genoux pliés, monte le buste aux trois quarts en enroulant le dos, puis redescends lentement sans reposer complètement les épaules.
Ab_Crunch_Machine	Crunch à la machine	Assis dans la machine, enroule le buste vers les genoux en contractant les abdos, puis reviens lentement sans laisser la charge retomber.
Ab_Roller	Roue abdominale	À genoux, roule la roue vers l’avant en gardant le dos plat et les abdos serrés, puis ramène-la en tirant avec le ventre.
Advanced_Kettlebell_Windmill	Moulin à vent kettlebell (avancé)	Kettlebell verrouillé au-dessus de la tête, pousse les fesses de côté et descends la main libre vers le pied opposé en gardant le bras tendu vers le haut.
Air_Bike	Crunch vélo	Couché, mains derrière la tête, amène un coude vers le genou opposé en alternant, comme si tu pédalais.
Alternate_Heel_Touchers	Touchers de talons alternés	Couché, genoux pliés, décolle les épaules et touche un talon puis l’autre en contractant les obliques.
Barbell_Ab_Rollout	Roulé à la barre	À genoux, mains sur une barre chargée, roule vers l’avant en gardant le dos plat, puis ramène la barre en contractant les abdos.
Barbell_Ab_Rollout_-_On_Knees	Roulé à la barre (à genoux)	Version à genoux du roulé : amplitude plus courte, dos plat et abdos serrés du début à la fin.
Barbell_Rollout_from_Bench	Roulé à la barre depuis un banc	Genoux sur un banc, roule la barre vers l’avant puis ramène-la en gardant le bassin neutre et les abdos contractés.
Barbell_Side_Bend	Flexion latérale à la barre	Barre sur les épaules, penche-toi d’un côté sans pencher vers l’avant, puis remonte en contractant les obliques.
Bent_Press	Bent press kettlebell	Kettlebell à l’épaule, penche le buste sur le côté et sous la charge en tendant le bras, puis relève-toi lentement ; mouvement technique, charge légère.
Bent-Knee_Hip_Raise	Relevé de hanches, genoux pliés	Couché, genoux pliés, décolle les hanches du sol en ramenant les genoux vers la poitrine, puis redescends lentement.
Bosu_Ball_Cable_Crunch_With_Side_Bends	Crunch à la poulie sur Bosu avec flexion latérale	Assis sur un Bosu, corde de la poulie tenue près de la tête, enroule le buste puis penche-toi de côté en contrôlant.
Bottoms_Up	Relevé de jambes groupé	Couché, ramène les genoux vers la poitrine en décollant les fesses, puis tends les jambes lentement sans toucher le sol.
Butt-Ups	Montées de fesses (planche)	En planche sur les avant-bras, monte les fesses vers le plafond, puis reviens en ligne droite en gardant les abdos serrés.
Cable_Crunch	Crunch à la poulie haute	À genoux face à la poulie, corde près de la tête, enroule le dos vers le sol en contractant les abdos ; les hanches ne bougent pas.
Cable_Judo_Flip	Rotation « judo » à la poulie	Poulie basse, corde en main, pivote le buste pour ramener la corde par-dessus l’épaule opposée, puis reviens en contrôlant.
Cable_Reverse_Crunch	Crunch inversé à la poulie	Couché, poulie basse attachée aux chevilles, ramène les genoux vers la poitrine en décollant le bassin, puis redescends lentement.
Cable_Russian_Twists	Rotations russes à la poulie	Assis ou debout de côté à la poulie, bras tendus, pivote le buste en contrôlant l’aller et le retour.
Cable_Seated_Crunch	Crunch assis à la poulie	Assis dos à la poulie, poignées près des épaules, enroule le buste vers l’avant, puis reviens lentement.
Cocoons	Cocons	Couché, bras au-dessus de la tête, ramène en même temps genoux et bras vers le centre en te roulant en boule, puis ouvre-toi lentement.
Cross-Body_Crunch	Crunch croisé	Couché, genoux pliés, monte une épaule vers le genou opposé, puis alterne de côté.
Crunch_-_Hands_Overhead	Crunch bras au-dessus de la tête	Couché, bras tendus derrière la tête, enroule le buste sans tirer sur la nuque ; plus difficile qu’un crunch normal.
Crunch_-_Legs_On_Exercise_Ball	Crunch jambes sur ballon	Mollets posés sur un ballon, enroule le buste vers les genoux, puis redescends lentement.
Dead_Bug	Dead bug	Couché, bras vers le plafond et genoux à 90°, tends un bras et la jambe opposée sans cambrer le bas du dos, puis alterne.
Decline_Crunch	Crunch sur banc décliné	Pieds calés sur un banc décliné, enroule le buste vers les genoux, puis redescends sans te laisser tomber.
Decline_Oblique_Crunch	Crunch oblique sur banc décliné	Sur le banc décliné, monte en pivotant pour amener une épaule vers le genou opposé, puis alterne.
Decline_Reverse_Crunch	Crunch inversé sur banc décliné	Tête en haut du banc décliné, ramène les genoux vers la poitrine en décollant le bassin, puis redescends en contrôlant.
Double_Kettlebell_Windmill	Moulin à vent, deux kettlebells	Une kettlebell au-dessus de la tête, l’autre en bas, pousse les fesses de côté et descends la kettlebell basse vers le pied en gardant le bras haut tendu.
Dumbbell_Side_Bend	Flexion latérale aux haltères	Debout, haltère dans une main, penche-toi de ce côté puis remonte avec les obliques du côté opposé.
Elbow_to_Knee	Coude au genou	Couché, amène un coude vers le genou opposé en montant les deux en même temps, puis alterne.
Exercise_Ball_Crunch	Crunch sur ballon	Couché sur un ballon au niveau du bas du dos, enroule le buste vers l’avant, puis reviens lentement en étirant les abdos.
Exercise_Ball_Pull-In	Ramené de genoux sur ballon	En planche, tibias sur le ballon, ramène les genoux vers la poitrine en roulant le ballon, puis tends les jambes.
Flat_Bench_Leg_Pull-In	Ramené de jambes sur banc	Assis au bout d’un banc, penché vers l’arrière, ramène les genoux vers la poitrine, puis tends les jambes sans toucher le sol.
Flat_Bench_Lying_Leg_Raise	Relevé de jambes couché sur banc	Couché sur un banc, jambes tendues, monte les jambes à la verticale, puis redescends lentement sans cambrer.
Frog_Sit-Ups	Redressement assis « grenouille »	Couché, plantes des pieds collées et genoux ouverts, monte le buste en enroulant le dos, puis redescends.
Gorilla_Chin_Crunch	Crunch suspendu à la barre	Suspendu à la barre, monte en traction tout en ramenant les genoux vers la poitrine, puis redescends lentement.
Hanging_Leg_Raise	Relevé de jambes suspendu	Suspendu à la barre, monte les jambes (ou les genoux) devant toi sans te balancer, puis redescends lentement.
Hanging_Pike	Pike suspendu	Suspendu à la barre, monte les jambes tendues jusqu’à la barre en enroulant le bassin ; mouvement avancé.
Jackknife_Sit-Up	Redressement « couteau »	Couché, bras et jambes tendus, monte en même temps le buste et les jambes pour toucher tes pieds, puis redescends.
Janda_Sit-Up	Redressement assis Janda	Genoux pliés, fessiers et ischios contractés (on pousse les talons dans le sol), monte lentement le buste en enroulant le dos.
Kettlebell_Figure_8	Figure 8 kettlebell	Légèrement accroupi, passe la kettlebell en huit entre les jambes et autour d’elles, dos plat et abdos serrés.
Kettlebell_Pass_Between_The_Legs	Passe entre les jambes kettlebell	Jambes écartées, passe la kettlebell d’une main à l’autre entre les jambes en gardant le dos plat.
Kettlebell_Windmill	Moulin à vent kettlebell	Kettlebell au-dessus de la tête, pousse les fesses de côté et descends la main libre vers le pied en gardant le bras haut tendu.
Knee_Hip_Raise_On_Parallel_Bars	Relevé de genoux aux barres parallèles	En appui sur les avant-bras entre deux barres, monte les genoux vers la poitrine, puis redescends sans te balancer.
Kneeling_Cable_Crunch_With_Alternating_Oblique_Twists	Crunch à la poulie avec rotation	À genoux sous la poulie, enroule le buste en pivotant vers un genou, puis vers l’autre.
Landmine_180s	Landmine 180	Bout de barre ancrée, bras tendus devant toi, fais passer la barre d’une hanche à l’autre en pivotant le buste, hanches stables.
Leg_Pull-In	Ramené de jambes au sol	Assis au sol, mains derrière toi, ramène les genoux vers la poitrine, puis tends les jambes sans poser les pieds.
Lower_Back_Curl	Extension du bas du dos au sol	Couché sur le ventre, soulève doucement le buste en contractant le bas du dos, puis redescends ; mouvement doux.
Medicine_Ball_Full_Twist	Rotation complète au médecine-ball	Debout, ballon à bout de bras, fais une grande rotation du buste d’un côté à l’autre en contrôlant.
Oblique_Crunches	Crunch oblique	Couché sur le côté, genoux pliés, monte le buste latéralement en contractant les obliques.
Oblique_Crunches_-_On_The_Floor	Crunch oblique au sol	Couché, genoux tombés d’un côté, monte le buste droit vers le plafond en contractant les obliques.
One-Arm_High-Pulley_Cable_Side_Bends	Flexion latérale à la poulie haute	Debout de côté à la poulie haute, poignée en main, penche-toi vers l’extérieur puis reviens en contrôlant.
One-Arm_Medicine_Ball_Slam	Lancer au sol du médecine-ball (un bras)	Ballon au-dessus de la tête d’une main, lance-le au sol le plus fort possible en engageant les abdos, puis rattrape-le.
Otis-Up	Otis-up	Pieds calés, poids contre la poitrine, monte le buste puis pousse le poids au-dessus de la tête en haut du mouvement.
Overhead_Stretch	Étirement bras au-dessus de la tête	Debout, bras tendus et doigts croisés au-dessus de la tête, grandis-toi et tiens l’étirement en respirant.
Pallof_Press	Pallof press	De côté à la poulie, poignée contre la poitrine, pousse les bras devant toi sans laisser le buste tourner, puis ramène.
Pallof_Press_With_Rotation	Pallof press avec rotation	Comme le Pallof press, mais pivote le buste de façon contrôlée en gardant les bras tendus.
Plate_Twist	Rotation avec disque	Assis, buste penché vers l’arrière, disque tenu devant toi, touche le sol d’un côté puis de l’autre.
Press_Sit-Up	Redressement assis avec développé	Couché avec une barre légère sur la poitrine, monte le buste en poussant la barre au-dessus de la tête.
Rope_Crunch	Crunch à la corde	À genoux face à la poulie, corde près des oreilles, enroule le dos vers le sol en contractant les abdos.
Russian_Twist	Rotations russes	Assis, pieds levés ou au sol, buste penché vers l’arrière, pivote d’un côté à l’autre en gardant le dos droit.
Scissor_Kick	Battements de jambes en ciseaux	Couché, jambes tendues légèrement levées, croise-les et décroise-les rapidement sans cambrer le bas du dos.
Seated_Barbell_Twist	Rotation assise avec barre	Assis, barre légère sur les épaules, pivote le buste d’un côté à l’autre en contrôlant, hanches immobiles.
Seated_Flat_Bench_Leg_Pull-In	Ramené de jambes assis sur banc	Assis de travers sur un banc, ramène genoux et buste l’un vers l’autre, puis ouvre-toi sans toucher le sol.
Seated_Leg_Tucks	Genoux ramenés assis	Assis, mains derrière toi, ramène les genoux vers la poitrine puis tends les jambes sans poser les pieds.
Seated_Overhead_Stretch	Étirement assis bras au-dessus de la tête	Assis, bras tendus au-dessus de la tête, grandis-toi et penche-toi doucement de chaque côté.
Side_Jackknife	Couteau latéral	Couché sur le côté, monte en même temps la jambe du dessus et le buste en contractant les obliques.
Sit-Up	Redressement assis	Couché, genoux pliés, pieds au sol, monte le buste jusqu’en position assise, puis redescends en contrôlant.
Sledgehammer_Swings	Coups de masse	Debout, masse en main, frappe un pneu en alternant les côtés et en engageant tout le tronc.
Smith_Machine_Hip_Raise	Relevé de hanches à la Smith	Couché sous la barre de la Smith, pieds contre la barre, monte les hanches en contractant les abdos, puis redescends.
Spell_Caster	Spell caster	Haltère dans chaque main, amène les deux haltères près d’une hanche, puis balaie-les vers l’autre côté en pivotant le buste.
Spider_Crawl	Marche de l’araignée	En pompe basse, bras à 90°, avance en ramenant un genou vers le coude du même côté à chaque pas.
Standing_Cable_Lift	Levé à la poulie (bas vers haut)	De côté à la poulie basse, bras tendus, tire la poignée en diagonale vers le haut en pivotant le buste.
Standing_Cable_Wood_Chop	Bûcheron à la poulie	De côté à la poulie haute, tire la poignée en diagonale vers le bas et vers la hanche opposée en pivotant le buste.
Standing_Lateral_Stretch	Étirement latéral debout	Debout, un bras au-dessus de la tête, penche-toi du côté opposé et tiens l’étirement.
Standing_Rope_Crunch	Crunch debout à la corde	Debout dos à la poulie haute, corde près de la tête, enroule le buste vers l’avant en contractant les abdos.
Stomach_Vacuum	Vacuum abdominal	Vide l’air de tes poumons et rentre le nombril le plus loin possible vers la colonne, tiens quelques secondes.
Supine_One-Arm_Overhead_Throw	Lancer de médecine-ball couché (un bras)	Couché, ballon dans une main au-dessus de la tête, relève le buste en lançant le ballon à un partenaire.
Supine_Two-Arm_Overhead_Throw	Lancer de médecine-ball couché (deux bras)	Couché, ballon tenu à deux mains au-dessus de la tête, relève le buste en lançant le ballon devant toi.
Suspended_Fallout	Fallout aux sangles de suspension	Penché vers l’avant dans les sangles, bras tendus, avance les bras au-dessus de la tête en gardant le corps gainé, puis reviens.
Suspended_Reverse_Crunch	Crunch inversé aux sangles	Pieds dans les sangles, en planche, ramène les genoux vers la poitrine, puis tends les jambes.
Toe_Touchers	Touche-orteils	Couché, jambes à la verticale, monte les mains vers les orteils en décollant les épaules.
Torso_Rotation	Rotation du tronc sur ballon	Couché dos sur un ballon, bras tendus vers le haut, pivote le buste d’un côté puis de l’autre.
Tuck_Crunch	Crunch groupé	Couché, genoux ramenés, monte le buste et les genoux l’un vers l’autre en même temps.
Weighted_Ball_Side_Bend	Flexion latérale sur ballon	De côté sur un ballon, pieds calés, monte le buste latéralement puis redescends.
Weighted_Crunches	Crunch avec poids	Couché, ballon lesté ou disque contre la poitrine, enroule le buste vers les genoux.
Weighted_Sit-Ups_-_With_Bands	Redressement assis avec élastique	Élastique ancré derrière toi et tenu près de la poitrine, monte le buste en enroulant le dos.
Wind_Sprints	Sprints suspendus	Suspendu à la barre, monte rapidement un genou puis l’autre, sans te balancer.
Hip_Circles_prone	Cercles de hanche (couché sur le ventre)	Couché sur le ventre, jambe tendue légèrement levée, dessine des cercles avec la hanche.
IT_Band_and_Glute_Stretch	Étirement de la bandelette et du fessier	Assis, croise une jambe par-dessus l’autre et tire doucement le genou vers l’épaule opposée.
Iliotibial_Tract-SMR	Auto-massage de la bandelette ilio-tibiale	Couché sur le côté, rouleau sous la cuisse, fais rouler lentement de la hanche au genou.
Lying_Crossover	Croisement couché	Couché sur le dos, amène une jambe par-dessus l’autre vers le sol en gardant les épaules au sol.
Monster_Walk	Marche du monstre	Élastique autour des jambes, marche en larges pas de côté ou en diagonale en gardant la tension.
Standing_Hip_Circles	Cercles de hanche debout	Debout sur une jambe, dessine de grands cercles avec l’autre genou pour mobiliser la hanche.
Thigh_Abductor	Abducteurs à la machine	Assis dans la machine, écarte les cuisses contre les coussins en contrôlant, puis reviens lentement sans laisser claquer la charge.
Windmills	Moulins (étirement)	Couché sur le dos, bras en croix, amène une jambe tendue vers la main opposée, puis alterne lentement.
Adductor	Auto-massage des adducteurs	Couché sur le ventre, rouleau sous l’intérieur de la cuisse, fais rouler lentement de l’aine au genou.
Adductor_Groin	Étirement des adducteurs (aine)	Assis, plantes des pieds collées, laisse descendre les genoux vers le sol et tiens l’étirement.
Band_Hip_Adductions	Adduction de hanche à l’élastique	Élastique ancré à la cheville, ramène la jambe vers l’intérieur devant l’autre, puis reviens lentement.
Carioca_Quick_Step	Pas croisés carioca	De côté, avance en croisant rapidement les jambes l’une devant l’autre puis derrière, hanches qui pivotent.
Groin_and_Back_Stretch	Étirement de l’aine et du dos	Assis, jambes écartées, penche le buste vers l’avant, dos long, et tiens l’étirement.
Groiners	Groiners	En position de pompe, amène un pied à côté de la main du même côté, puis reviens et alterne.
Lateral_Bound	Bonds latéraux	Sur une jambe, bondis de côté pour atterrir sur l’autre jambe, genou souple, puis repars dans l’autre sens.
Lateral_Box_Jump	Sauts latéraux sur boîte	Debout à côté d’une boîte basse, saute latéralement dessus, puis redescends de l’autre côté.
Lateral_Cone_Hops	Sauts latéraux par-dessus des cônes	Pieds joints, saute de côté par-dessus une rangée de cônes en gardant des appuis courts et rapides.
Lying_Bent_Leg_Groin	Étirement de l’aine couché, genoux pliés	Couché sur le dos, plantes des pieds collées, laisse tomber les genoux vers le sol et respire.
Side_Leg_Raises	Élévations latérales de la jambe	Debout en appui, monte une jambe tendue de côté puis redescends lentement, buste droit.
Side_Lying_Groin_Stretch	Étirement de l’aine couché sur le côté	Couché sur le côté, jambe du dessus pliée devant toi, étire doucement l’intérieur de la cuisse du dessous.
Thigh_Adductor	Adducteurs à la machine	Assis dans la machine, serre les cuisses contre les coussins, puis ouvre lentement en contrôlant.
Alternate_Hammer_Curl	Curl marteau alterné	Debout, haltères en prise neutre (pouces vers le haut), monte un haltère puis l’autre sans balancer le buste.
Alternate_Incline_Dumbbell_Curl	Curl incliné alterné aux haltères	Assis sur un banc incliné, bras pendants, monte un haltère puis l’autre en gardant les coudes immobiles.
Barbell_Curls_Lying_Against_An_Incline	Curl à la barre dos contre un banc incliné	Debout dos appuyé contre un banc incliné, fais des curls à la barre sans décoller du banc.
Brachialis-SMR	Auto-massage du brachial	Rouleau sous le bas du bras, près du coude, roule lentement en cherchant les points sensibles.
Cable_Hammer_Curls_-_Rope_Attachment	Curl marteau à la corde	Poulie basse, corde en prise neutre, monte les mains vers les épaules en gardant les coudes collés.
Cable_Preacher_Curl	Curl pupitre à la poulie	Bras sur le pupitre face à la poulie basse, monte la poignée en contrôlant, puis redescends lentement.
Close-Grip_EZ_Bar_Curl	Curl barre EZ prise serrée	Barre EZ en prise serrée, coudes près du corps, monte la barre vers la poitrine sans balancer.
Close-Grip_EZ-Bar_Curl_with_Band	Curl barre EZ prise serrée avec élastique	Même curl serré, avec un élastique ajouté pour plus de résistance en haut du mouvement.
Close-Grip_Standing_Barbell_Curl	Curl à la barre prise serrée	Debout, barre en prise serrée (mains plus proches que les épaules), monte sans bouger les coudes.
Concentration_Curls	Curl concentré	Assis, coude appuyé contre l’intérieur de la cuisse, monte l’haltère vers l’épaule et redescends lentement.
Cross_Body_Hammer_Curl	Curl marteau croisé	Haltère en prise neutre, monte-le en diagonale vers l’épaule opposée, puis alterne.
Drag_Curl	Drag curl	Barre collée au corps, remonte-la le long du ventre en reculant les coudes, puis redescends.
Dumbbell_Alternate_Bicep_Curl	Curl alterné aux haltères	Debout, monte un haltère en tournant la paume vers le haut, puis l’autre, sans balancer.
Dumbbell_Prone_Incline_Curl	Curl incliné face au banc	Couché sur le ventre sur un banc incliné, bras pendants, monte les haltères vers les épaules.
EZ-Bar_Curl	Curl barre EZ	Debout, barre EZ en prise large, monte-la vers la poitrine en gardant les coudes fixes.
Flexor_Incline_Dumbbell_Curls	Curl incliné, poignets fléchis	Sur un banc incliné, fais des curls en gardant les poignets légèrement fléchis vers toi.
High_Cable_Curls	Curl à la poulie haute	Entre deux poulies hautes, bras en croix, ramène les poignées vers la tête comme pour faire « la bosse ».
Incline_Dumbbell_Curl	Curl incliné aux haltères	Assis sur un banc incliné, bras pendants derrière le buste, monte les haltères sans avancer les coudes.
Incline_Hammer_Curls	Curl marteau incliné	Sur un banc incliné, haltères en prise neutre, monte-les en gardant les coudes immobiles.
Incline_Inner_Biceps_Curl	Curl incliné vers l’extérieur	Sur un banc incliné, monte les haltères en les écartant légèrement vers l’extérieur.
Lying_Cable_Curl	Curl couché à la poulie	Couché au sol face à la poulie basse, monte la barre vers la poitrine en gardant les coudes au sol.
Lying_Close-Grip_Bar_Curl_On_High_Pulley	Curl couché à la poulie haute	Couché sous la poulie haute, barre au-dessus de toi, plie les coudes pour amener la barre vers le front.
Lying_High_Bench_Barbell_Curl	Curl couché sur banc haut	Couché sur le ventre sur un banc haut, bras pendants, monte la barre vers le banc.
Lying_Supine_Dumbbell_Curl	Curl couché sur le dos aux haltères	Couché sur un banc plat, bras pendants de chaque côté, monte les haltères en gardant les coudes bas.
Machine_Bicep_Curl	Curl biceps à la machine	Bras sur l’appui de la machine, monte les poignées en contrôlant, puis redescends lentement.
Machine_Preacher_Curls	Curl pupitre à la machine	Bras sur le pupitre de la machine, monte jusqu’en haut puis redescends sans verrouiller les coudes.
One_Arm_Dumbbell_Preacher_Curl	Curl pupitre un bras	Bras sur le pupitre, haltère en main, monte vers l’épaule puis redescends presque jusqu’en bas.
Overhead_Cable_Curl	Curl à la poulie haute au-dessus de la tête	Face à la poulie haute, bras levés, ramène la poignée vers la tête en pliant les coudes.
Preacher_Curl	Curl pupitre à la barre	Bras sur le pupitre, barre EZ en main, monte la barre puis redescends lentement jusqu’en bas.
Preacher_Hammer_Dumbbell_Curl	Curl marteau pupitre	Bras sur le pupitre, haltère en prise neutre, monte vers l’épaule en gardant le poignet droit.
Reverse_Barbell_Curl	Curl inversé à la barre	Barre en prise pronation (paumes vers le bas), monte vers la poitrine en gardant les poignets droits.
Reverse_Barbell_Preacher_Curls	Curl pupitre inversé	Sur le pupitre, barre EZ en prise pronation, monte en contrôlant ; travaille l’avant-bras et le brachial.
Reverse_Cable_Curl	Curl inversé à la poulie	Poulie basse, barre en prise pronation, monte vers la poitrine sans bouger les coudes.
Reverse_Plate_Curls	Curl inversé avec disque	Disque tenu par les côtés, paumes vers le bas, monte-le vers la poitrine en gardant les coudes fixes.
Seated_Biceps	Étirement des biceps assis	Assis, mains au sol derrière toi, doigts vers l’arrière, recule doucement les fesses pour étirer les biceps.
Seated_Close-Grip_Concentration_Barbell_Curl	Curl concentré assis à la barre	Assis, penché vers l’avant, coudes contre les cuisses, monte une barre courte en prise serrée.
Seated_Dumbbell_Curl	Curl assis aux haltères	Assis sur un banc droit, monte les haltères en tournant les paumes vers le haut, sans balancer.
Seated_Dumbbell_Inner_Biceps_Curl	Curl assis vers l’extérieur	Assis, monte les haltères en les écartant légèrement vers l’extérieur pour cibler l’intérieur du biceps.
Spider_Curl	Spider curl	Couché sur le ventre sur un banc incliné, barre EZ pendue, monte-la en gardant les bras verticaux.
Standing_Biceps_Cable_Curl	Curl debout à la poulie	Face à la poulie basse, barre en prise supination, monte-la vers la poitrine sans bouger les coudes.
Standing_Biceps_Stretch	Étirement des biceps debout	Mains jointes derrière le dos, bras tendus, monte doucement les bras vers l’arrière.
Standing_Concentration_Curl	Curl concentré debout	Penché vers l’avant, bras pendant, monte l’haltère vers l’épaule sans bouger le coude.
Standing_Dumbbell_Reverse_Curl	Curl inversé aux haltères	Debout, haltères en prise pronation, monte vers les épaules en gardant les poignets droits.
Standing_Inner-Biceps_Curl	Curl debout vers l’extérieur	Debout, monte les haltères en les écartant vers l’extérieur, paumes vers le haut.
Standing_One-Arm_Cable_Curl	Curl un bras à la poulie	Debout à côté de la poulie basse, monte la poignée vers l’épaule, coude collé au corps.
Standing_One-Arm_Dumbbell_Curl_Over_Incline_Bench	Curl un bras par-dessus un banc incliné	Debout derrière un banc incliné, bras posé sur le dossier, monte l’haltère vers l’épaule.
Two-Arm_Dumbbell_Preacher_Curl	Curl pupitre deux bras aux haltères	Bras sur le pupitre, un haltère dans chaque main, monte-les ensemble puis redescends lentement.
Wide-Grip_Standing_Barbell_Curl	Curl à la barre prise large	Debout, barre en prise plus large que les épaules, monte vers la poitrine sans balancer.
Zottman_Curl	Curl Zottman	Monte les haltères paumes vers le haut, tourne les paumes vers le bas en haut, puis redescends lentement.
Zottman_Preacher_Curl	Curl Zottman au pupitre	Au pupitre, monte l’haltère paume vers le haut, tourne la main en haut, redescends paume vers le bas.
Ankle_Circles	Cercles de chevilles	Assis ou debout, pied levé, dessine lentement de grands cercles avec la cheville dans les deux sens.
Anterior_Tibialis-SMR	Auto-massage du tibial antérieur	À quatre pattes, rouleau sous l’avant du tibia, fais rouler lentement du genou à la cheville.
Balance_Board	Planche d’équilibre	Debout sur une planche d’équilibre, garde-la à plat le plus longtemps possible, genoux souples.
Barbell_Seated_Calf_Raise	Mollets assis à la barre	Assis, barre posée sur les genoux (avec un coussin), monte sur la pointe des pieds puis redescends.
Calf_Press	Presse à mollets	Dans la machine à mollets, pousse avec la pointe des pieds jusqu’en haut, puis descends lentement en étirant.
Calf_Press_On_The_Leg_Press_Machine	Mollets à la presse à cuisses	Pointe des pieds au bas de la plateforme, jambes presque tendues, pousse avec les chevilles puis redescends.
Calf_Raises_-_With_Bands	Élévations des mollets à l’élastique	Élastique sous les pieds et tenu aux épaules, monte sur la pointe des pieds puis redescends lentement.
Calf_Stretch_Elbows_Against_Wall	Étirement des mollets, coudes au mur	Avant-bras au mur, une jambe tendue derrière, talon au sol, avance les hanches pour étirer le mollet.
Calf_Stretch_Hands_Against_Wall	Étirement des mollets, mains au mur	Mains au mur, jambe arrière tendue et talon au sol, penche-toi vers le mur et tiens.
Calves-SMR	Auto-massage des mollets	Assis, rouleau sous les mollets, soulève les fesses et fais rouler de la cheville au genou.
Donkey_Calf_Raises	Mollets « âne »	Penché vers l’avant, hanches à 90°, charge sur le bas du dos, monte sur la pointe des pieds puis redescends.
Dumbbell_Seated_One-Leg_Calf_Raise	Mollet assis un côté à l’haltère	Assis, haltère sur un genou, monte ce talon le plus haut possible puis redescends lentement.
Foot-SMR	Auto-massage de la plante du pied	Debout, fais rouler une balle sous la plante du pied en appuyant doucement.
Knee_Circles	Cercles de genoux	Debout, pieds joints, mains sur les genoux, fais de petits cercles avec les genoux dans les deux sens.
Peroneals_Stretch	Étirement des péroniers	Assis, attrape le pied et tourne-le doucement vers l’intérieur pour étirer l’extérieur de la jambe.
Peroneals-SMR	Auto-massage des péroniers	Couché sur le côté, rouleau sous l’extérieur du mollet, roule lentement du genou à la cheville.
Posterior_Tibialis_Stretch	Étirement du tibial postérieur	Assis, attrape le pied et tourne-le doucement vers l’extérieur pour étirer l’intérieur de la jambe.
Rocking_Standing_Calf_Raise	Mollets debout avec bascule	Barre sur les épaules, monte sur la pointe des pieds, puis bascule sur les talons en levant les orteils.
Seated_Calf_Stretch	Étirement des mollets assis	Assis, jambes tendues, tire la pointe des pieds vers toi avec une serviette ou les mains.
Smith_Machine_Calf_Raise	Mollets à la Smith	Sous la barre de la Smith, pointe des pieds sur une marche, monte le plus haut possible puis descends en étirant.
Smith_Machine_Reverse_Calf_Raises	Élévations des orteils à la Smith	Talons sur une marche sous la barre de la Smith, monte les orteils vers les tibias pour travailler l’avant de la jambe.
Standing_Barbell_Calf_Raise	Mollets debout à la barre	Barre sur les épaules, monte sur la pointe des pieds puis redescends lentement jusqu’en bas.
Standing_Gastrocnemius_Calf_Stretch	Étirement du mollet debout (jumeaux)	Jambe arrière tendue, talon au sol, avance les hanches jusqu’à sentir l’étirement dans le mollet.
Standing_Soleus_And_Achilles_Stretch	Étirement du soléaire et du tendon d’Achille	Jambe arrière légèrement pliée, talon au sol, fléchis le genou vers l’avant et tiens l’étirement.
Alternating_Floor_Press	Développé au sol alterné aux kettlebells	Couché au sol, une kettlebell dans chaque main, pousse un bras puis l’autre vers le plafond.
Around_The_Worlds	Tours du monde aux haltères	Couché sur un banc, bras tendus, fais passer les haltères des hanches jusqu’au-dessus de la tête en demi-cercle.
Barbell_Guillotine_Bench_Press	Développé guillotine	Barre descendue vers le cou au lieu de la poitrine ; charge légère et prudence (mouvement risqué pour les épaules).
Barbell_Incline_Bench_Press_-_Medium_Grip	Développé incliné à la barre	Sur un banc incliné, descends la barre vers le haut de la poitrine puis pousse vers le plafond.
Behind_Head_Chest_Stretch	Étirement des pectoraux mains derrière la tête	Assis ou debout, mains derrière la tête, recule les coudes pour ouvrir la poitrine.
Bench_Press_-_With_Bands	Développé couché avec élastiques	Développé couché avec des élastiques fixés à la barre : la résistance augmente en haut du mouvement.
Bodyweight_Flyes	Écarté au poids du corps	Mains sur une barre basse ou des sangles, corps gainé, écarte les bras en descendant puis referme.
Butterfly	Butterfly (pec deck)	Assis dans la machine, ferme les bras devant toi en contractant les pectoraux, puis rouvre lentement.
Cable_Chest_Press	Développé à la poulie	Dos aux poulies, poignées à hauteur de poitrine, pousse vers l’avant puis reviens lentement.
Cable_Crossover	Croisé à la poulie	Entre deux poulies hautes, amène les poignées l’une vers l’autre devant toi en contractant les pectoraux.
Cable_Iron_Cross	Croix de fer à la poulie	Bras en croix entre deux poulies, descends les poignées vers les hanches en gardant les bras presque tendus.
Chain_Press	Développé avec chaînes	Développé couché avec des chaînes accrochées à la barre : la charge augmente en montant.
Chest_And_Front_Of_Shoulder_Stretch	Étirement des pectoraux et de l’avant de l’épaule	Bras appuyé contre un cadre de porte, pivote doucement le buste vers l’extérieur.
Chest_Push_multiple_response	Poussée de médecine-ball (répétée)	Ballon contre la poitrine, pousse-le fort vers un partenaire ou un mur, rattrape et relance aussitôt.
Chest_Push_single_response	Poussée de médecine-ball (unique)	Ballon contre la poitrine, pousse-le le plus loin possible d’un seul coup explosif.
Chest_Push_from_3_point_stance	Poussée de médecine-ball en départ à trois appuis	Départ accroupi une main au sol, relève-toi en poussant le ballon vers l’avant de façon explosive.
Chest_Push_with_Run_Release	Poussée de médecine-ball avec départ en course	Pousse le ballon vers l’avant de façon explosive, puis enchaîne tout de suite avec quelques pas de course.
Chest_Stretch_on_Stability_Ball	Étirement des pectoraux sur ballon	À genoux, une main posée sur le ballon sur le côté, laisse descendre la poitrine pour ouvrir l’épaule.
Clock_Push-Up	Pompes « horloge »	Fais une pompe, puis déplace les mains d’un cran autour des pieds comme les aiguilles d’une horloge.
Cross_Over_-_With_Bands	Croisé à l’élastique	Élastique ancré derrière toi, ramène les mains l’une vers l’autre devant la poitrine, puis ouvre lentement.
Decline_Barbell_Bench_Press	Développé décliné à la barre	Sur un banc décliné, descends la barre vers le bas de la poitrine, puis pousse vers le plafond.
Decline_Dumbbell_Bench_Press	Développé décliné aux haltères	Sur un banc décliné, pousse les haltères au-dessus du bas de la poitrine, puis redescends lentement.
Decline_Dumbbell_Flyes	Écarté décliné aux haltères	Sur un banc décliné, bras légèrement pliés, ouvre les haltères de côté puis referme en contractant les pectoraux.
Decline_Push-Up	Pompes déclinées, pieds sur un banc	Pieds sur un banc, mains au sol, descends la poitrine vers le sol puis pousse, corps bien gainé.
Decline_Smith_Press	Développé décliné à la Smith	Sur un banc décliné sous la Smith, descends la barre vers le bas de la poitrine puis pousse.
Drop_Push	Pompe en chute	Mains sur deux supports, laisse-toi tomber entre eux pour atterrir en pompe, puis repousse de façon explosive.
Dumbbell_Bench_Press_with_Neutral_Grip	Développé aux haltères prise neutre	Couché sur un banc, haltères paumes face à face, pousse vers le plafond en gardant les coudes près du corps.
Dynamic_Chest_Stretch	Étirement dynamique des pectoraux	Debout, balance les bras vers l’arrière à l’horizontale puis ramène-les devant toi, en douceur.
Elbows_Back	Coudes vers l’arrière	Mains sur le bas du dos, ramène doucement les coudes l’un vers l’autre pour ouvrir la poitrine.
Extended_Range_One-Arm_Kettlebell_Floor_Press	Développé au sol un bras kettlebell (grande amplitude)	Couché au sol, pousse une kettlebell vers le plafond en laissant l’épaule suivre en haut du mouvement.
Flat_Bench_Cable_Flyes	Écarté à la poulie sur banc plat	Couché sur un banc entre deux poulies basses, ouvre les bras puis ramène les poignées au-dessus de la poitrine.
Forward_Drag_with_Press	Traîneau vers l’avant avec développé	Harnais d’un traîneau lesté, avance en poussant les poignées vers l’avant à chaque pas.
Front_Raise_And_Pullover	Élévation frontale et pull-over	Couché, barre bras tendus au-dessus de la poitrine, descends-la derrière la tête puis ramène-la vers les hanches.
Hammer_Grip_Incline_DB_Bench_Press	Développé incliné aux haltères prise marteau	Sur un banc incliné, haltères paumes face à face, pousse vers le plafond puis redescends lentement.
Heavy_Bag_Thrust	Poussée au sac de frappe	Face à un sac suspendu, pousse-le fort avec les deux mains, puis rattrape-le à son retour.
Incline_Cable_Chest_Press	Développé incliné à la poulie	Sur un banc incliné entre deux poulies, pousse les poignées vers le haut et vers l’avant.
Incline_Cable_Flye	Écarté incliné à la poulie	Sur un banc incliné entre deux poulies basses, ouvre les bras puis referme au-dessus du haut de la poitrine.
Incline_Dumbbell_Bench_With_Palms_Facing_In	Développé incliné aux haltères paumes face à face	Sur un banc incliné, pousse les haltères en prise neutre, coudes près du corps.
Incline_Dumbbell_Flyes	Écarté incliné aux haltères	Sur un banc incliné, bras légèrement pliés, ouvre les haltères de côté puis referme au-dessus de la poitrine.
Incline_Dumbbell_Flyes_-_With_A_Twist	Écarté incliné avec rotation	Écarté incliné en tournant les poignets en haut pour que les petits doigts se fassent face.
Incline_Push-Up	Pompes inclinées	Mains sur un banc ou une table, descends la poitrine vers le support puis pousse ; plus facile qu’au sol.
Incline_Push-Up_Depth_Jump	Pompe inclinée pliométrique	Mains sur un support, laisse-toi descendre au sol, pousse fort pour remonter les mains sur le support.
Incline_Push-Up_Medium	Pompes inclinées mains moyennes	Mains sur un banc à largeur d’épaules, descends la poitrine au banc puis pousse.
Incline_Push-Up_Reverse_Grip	Pompes inclinées prise inversée	Mains sur un banc, doigts vers toi, coudes près du corps ; cible davantage les triceps.
Incline_Push-Up_Wide	Pompes inclinées mains larges	Mains écartées sur un banc, descends la poitrine vers le banc puis pousse.
Isometric_Chest_Squeezes	Contraction isométrique des pectoraux	Mains jointes devant la poitrine, presse-les fort l’une contre l’autre et tiens la contraction.
Isometric_Wipers	Essuie-glaces isométriques	En pompe, déplace le poids du corps d’un bras à l’autre en pliant un coude puis l’autre.
Leg-Over_Floor_Press	Développé au sol jambe par-dessus kettlebell	Couché, jambe du côté travaillé croisée par-dessus l’autre, pousse la kettlebell vers le plafond.
Leverage_Chest_Press	Développé à la machine (bras de levier)	Assis dans la machine, pousse les poignées vers l’avant, puis reviens lentement sans laisser claquer.
Leverage_Decline_Chest_Press	Développé décliné à la machine	Dans la machine déclinée, pousse les poignées vers le bas et l’avant, puis reviens lentement.
Leverage_Incline_Chest_Press	Développé incliné à la machine	Dans la machine inclinée, pousse les poignées vers le haut, puis reviens lentement.
Low_Cable_Crossover	Croisé à la poulie basse	Entre deux poulies basses, monte les poignées devant toi jusqu’à la hauteur de la poitrine.
Medicine_Ball_Chest_Pass	Passe du médecine-ball à la poitrine	Ballon contre la poitrine, passe-le fort à un partenaire ou contre un mur, puis rattrape-le.
Neck_Press	Développé à la nuque (vers le cou)	Barre descendue vers le haut de la poitrine près du cou ; charge légère, mouvement pour les avancés.
One_Arm_Dumbbell_Bench_Press	Développé un bras aux haltères	Couché sur un banc, pousse un seul haltère en gardant le bassin et les épaules stables.
One-Arm_Flat_Bench_Dumbbell_Flye	Écarté un bras sur banc plat	Couché, un haltère, ouvre le bras de côté puis referme au-dessus de la poitrine en gainant le tronc.
One-Arm_Kettlebell_Floor_Press	Développé au sol un bras kettlebell	Couché au sol, kettlebell dans une main, pousse vers le plafond puis redescends jusqu’à ce que le coude touche le sol.
Plyo_Kettlebell_Pushups	Pompes pliométriques sur kettlebells	Mains sur deux kettlebells, pousse fort pour atterrir mains au sol, puis remonte sur les kettlebells.
Plyo_Push-up	Pompes pliométriques	Descends en pompe puis pousse assez fort pour décoller les mains du sol ; atterris en douceur.
Push_Up_to_Side_Plank	Pompe et planche latérale	Fais une pompe, puis pivote en planche latérale en montant un bras au plafond ; alterne les côtés.
Push-Up_Wide	Pompes mains larges	Mains plus écartées que les épaules, descends la poitrine vers le sol, puis pousse.
Push-Ups_With_Feet_On_An_Exercise_Ball	Pompes pieds sur ballon	Pieds sur un ballon, mains au sol, fais des pompes en gardant le corps droit et stable.
Pushups_Close_and_Wide_Hand_Positions	Pompes mains serrées et larges	Alterne des pompes mains rapprochées et des pompes mains écartées.
Single-Arm_Cable_Crossover	Croisé à la poulie un bras	Un bras à la fois, ramène la poignée de la poulie haute vers la hanche opposée.
Single-Arm_Push-Up	Pompe sur un bras	Jambes écartées, une main au dos, descends sur un seul bras puis remonte ; mouvement avancé.
Smith_Machine_Bench_Press	Développé couché à la Smith	Couché sous la Smith, descends la barre vers le milieu de la poitrine, puis pousse.
Smith_Machine_Decline_Press	Développé décliné à la Smith, barre basse	Banc décliné sous la Smith, descends la barre vers le bas de la poitrine, puis pousse.
Smith_Machine_Incline_Bench_Press	Développé incliné à la Smith	Banc incliné sous la Smith, descends la barre vers le haut de la poitrine, puis pousse.
Standing_Cable_Chest_Press	Développé debout à la poulie	Debout dos aux poulies, un pied devant, pousse les poignées vers l’avant, puis reviens.
Straight-Arm_Dumbbell_Pullover	Pull-over bras tendus aux haltères	Couché sur un banc, haltère à deux mains au-dessus de la poitrine, descends-le derrière la tête bras presque tendus.
Suspended_Push-Up	Pompes aux sangles de suspension	Mains dans les sangles, corps incliné, descends la poitrine entre les poignées, puis pousse.
Svend_Press	Svend press	Debout, deux disques pressés entre les paumes contre la poitrine, pousse-les devant toi en serrant.
Wide-Grip_Barbell_Bench_Press	Développé couché prise large	Barre en prise plus large que d’habitude, descends vers la poitrine et pousse ; plus de pectoraux, moins de triceps.
Wide-Grip_Decline_Barbell_Bench_Press	Développé décliné prise large	Sur un banc décliné, barre en prise large, descends vers le bas de la poitrine puis pousse.
Wide-Grip_Decline_Barbell_Pullover	Pull-over décliné prise large	Sur un banc décliné, barre en prise large au-dessus de la poitrine, descends-la derrière la tête puis ramène-la.
Bottoms-Up_Clean_From_The_Hang_Position	Épaulé kettlebell à l’envers	Depuis les hanches, ramène la kettlebell à l’épaule en la gardant à l’envers (fond vers le haut) ; serre fort la poignée.
Cable_Wrist_Curl	Flexion des poignets à la poulie	Avant-bras appuyés, poignée de la poulie basse en main, monte les poignets vers toi, puis redescends.
Dumbbell_Lying_Pronation	Pronation couchée à l’haltère	Avant-bras posé, haltère tenu par un bout, tourne lentement la paume vers le bas puis reviens.
Dumbbell_Lying_Supination	Supination couchée à l’haltère	Avant-bras posé, haltère tenu par un bout, tourne lentement la paume vers le haut puis reviens.
Farmers_Walk	Marche du fermier	Une charge lourde dans chaque main, marche droit, épaules basses et abdos serrés.
Finger_Curls	Curl des doigts	Barre dans les mains, laisse-la rouler jusqu’au bout des doigts, puis referme la main pour la remonter.
Kneeling_Forearm_Stretch	Étirement des avant-bras à genoux	À genoux, paumes au sol doigts vers toi, recule doucement les fesses pour étirer les avant-bras.
Palms-Down_Dumbbell_Wrist_Curl_Over_A_Bench	Extension des poignets aux haltères sur banc	Avant-bras sur un banc, paumes vers le bas, monte les haltères avec les poignets seulement.
Palms-Down_Wrist_Curl_Over_A_Bench	Extension des poignets à la barre sur banc	Avant-bras sur un banc, paumes vers le bas, monte la barre avec les poignets seulement.
Palms-Up_Barbell_Wrist_Curl_Over_A_Bench	Flexion des poignets à la barre sur banc	Avant-bras sur un banc, paumes vers le haut, monte la barre avec les poignets seulement.
Palms-Up_Dumbbell_Wrist_Curl_Over_A_Bench	Flexion des poignets aux haltères sur banc	Avant-bras sur un banc, paumes vers le haut, monte les haltères avec les poignets seulement.
Plate_Pinch	Pince de disques	Pince deux disques côte à côte entre le pouce et les doigts, et tiens le plus longtemps possible.
Rickshaw_Carry	Portée « rickshaw »	Soulève le cadre lesté par les poignées et marche en gardant le dos droit.
Seated_Dumbbell_Palms-Down_Wrist_Curl	Extension des poignets assis aux haltères	Assis, avant-bras sur les cuisses, paumes vers le bas, monte les haltères avec les poignets.
Seated_Dumbbell_Palms-Up_Wrist_Curl	Flexion des poignets assis aux haltères	Assis, avant-bras sur les cuisses, paumes vers le haut, monte les haltères avec les poignets.
Seated_One-Arm_Dumbbell_Palms-Down_Wrist_Curl	Extension d’un poignet assis	Assis, un avant-bras sur la cuisse, paume vers le bas, monte l’haltère avec le poignet.
Seated_One-Arm_Dumbbell_Palms-Up_Wrist_Curl	Flexion d’un poignet assis	Assis, un avant-bras sur la cuisse, paume vers le haut, monte l’haltère avec le poignet.
Seated_Palm-Up_Barbell_Wrist_Curl	Flexion des poignets assis à la barre	Assis, avant-bras sur les cuisses, paumes vers le haut, monte la barre avec les poignets.
Seated_Palms-Down_Barbell_Wrist_Curl	Extension des poignets assis à la barre	Assis, avant-bras sur les cuisses, paumes vers le bas, monte la barre avec les poignets.
Seated_Two-Arm_Palms-Up_Low-Pulley_Wrist_Curl	Flexion des poignets à la poulie basse assis	Assis devant la poulie basse, avant-bras sur les cuisses, monte la barre avec les poignets.
Standing_Olympic_Plate_Hand_Squeeze	Serrage de disque debout	Tiens un disque par le bord d’une main, bras le long du corps, et serre le plus longtemps possible.
Standing_Palms-Up_Barbell_Behind_The_Back_Wrist_Curl	Flexion des poignets barre derrière le dos	Debout, barre derrière les fesses paumes vers l’arrière, monte-la avec les poignets seulement.
Wrist_Circles	Cercles de poignets	Bras devant toi, fais de lentes rotations des poignets dans les deux sens.
Wrist_Roller	Enrouleur de poignets	Bras tendus devant toi, enroule la corde lestée en tournant la barre, puis déroule lentement.
Wrist_Rotations_with_Straight_Bar	Rotations des poignets à la barre	Barre tenue au milieu, bras le long du corps, tourne-la d’un côté à l’autre avec les poignets.
Ankle_On_The_Knee	Étirement cheville sur le genou	Assis ou couché, cheville posée sur le genou opposé, rapproche doucement la jambe pour étirer le fessier.
Butt_Lift_Bridge	Pont fessier	Couché, genoux pliés, pousse dans les talons pour monter les hanches, serre les fessiers en haut puis redescends.
Downward_Facing_Balance	Équilibre penché sur ballon	Ventre sur un ballon, mains au sol, monte une jambe tendue en serrant le fessier et garde l’équilibre.
Flutter_Kicks	Battements de jambes (flutter kicks)	Couché sur le ventre ou sur le dos, fais de petits battements rapides avec les jambes tendues.
Glute_Kickback	Kickback fessier	À quatre pattes, pousse un talon vers le plafond en serrant le fessier, sans cambrer le dos.
Hip_Extension_with_Bands	Extension de hanche à l’élastique	Élastique à la cheville, tends la jambe vers l’arrière en serrant le fessier, puis reviens lentement.
Hip_Lift_with_Band	Pont de hanches avec élastique	Élastique au-dessus des hanches, monte le bassin contre la résistance en serrant les fessiers.
Knee_Across_The_Body	Genou à travers le corps	Couché sur le dos, amène un genou plié vers l’épaule opposée et tiens l’étirement.
Kneeling_Jump_Squat	Squat sauté depuis les genoux	À genoux, barre légère sur les épaules, saute pour te retrouver debout en squat ; explosif et technique.
Kneeling_Squat	Squat à genoux	À genoux, barre sur les épaules, recule les fesses vers les talons puis pousse les hanches vers l’avant.
Leg_Lift	Élévation de la jambe (fessier)	À quatre pattes ou couché sur le ventre, monte une jambe tendue en contractant le fessier.
Lying_Glute	Étirement du fessier couché	Couché sur le dos, cheville sur le genou opposé, tire la cuisse vers toi pour étirer le fessier.
One_Knee_To_Chest	Un genou à la poitrine	Couché, ramène un genou vers la poitrine avec les mains et tiens l’étirement.
One-Legged_Cable_Kickback	Kickback fessier à la poulie	Sangle de la poulie basse à la cheville, tends la jambe vers l’arrière en serrant le fessier.
Physioball_Hip_Bridge	Pont de hanches sur ballon	Épaules ou pieds sur un ballon, monte les hanches en serrant les fessiers, puis redescends.
Piriformis-SMR	Auto-massage du piriforme	Assis sur le rouleau, cheville sur le genou opposé, penche-toi du côté de la jambe croisée et roule lentement.
Pull_Through	Pull-through à la poulie	Dos à la poulie basse, corde entre les jambes, recule les hanches puis pousse-les vers l’avant en serrant les fessiers.
Seated_Glute	Étirement du fessier assis	Assis, croise une cheville sur le genou opposé et penche le buste vers l’avant, dos droit.
Step-up_with_Knee_Raise	Montée sur banc avec genou levé	Monte sur un banc avec une jambe, puis lève l’autre genou vers la poitrine en haut.
90_90_Hamstring	Étirement des ischios 90/90	Couché, cuisse à la verticale tenue par les mains, tends lentement la jambe vers le plafond.
Alternating_Hang_Clean	Épaulé suspendu alterné kettlebells	Depuis les hanches, ramène une kettlebell à l’épaule par une extension explosive des hanches, puis alterne.
Ball_Leg_Curl	Curl des jambes sur ballon	Couché sur le dos, talons sur le ballon, monte les hanches et ramène le ballon vers les fesses.
Band_Good_Morning	Good morning à l’élastique	Élastique sous les pieds et derrière le cou, penche-toi vers l’avant dos plat, puis remonte en poussant les hanches.
Band_Good_Morning_Pull_Through	Good morning à l’élastique (pull-through)	Dos à un élastique ancré bas, penche-toi dos plat puis redresse-toi en poussant les hanches vers l’avant.
Box_Jump_Multiple_Response	Sauts sur boîte répétés	Saute sur une boîte, redescends, et enchaîne les sauts sans pause ; atterris en douceur.
Box_Skip	Sautillements sur boîte	Enchaîne des sautillements (appuis alternés) pour monter sur une boîte basse et en redescendre.
Chair_Leg_Extended_Stretch	Étirement des ischios, jambe sur une chaise	Talon posé sur une chaise, jambe tendue, penche-toi vers l’avant dos droit jusqu’à sentir l’arrière de la cuisse.
Clean	Épaulé (clean)	Barre au sol, tire-la de façon explosive avec les jambes et les hanches, puis passe sous la barre pour la recevoir sur les épaules.
Clean_Deadlift	Soulevé de terre pour l’épaulé	Monte la barre du sol jusqu’aux cuisses avec la position de l’épaulé : dos plat, épaules au-dessus de la barre.
Double_Kettlebell_Alternating_Hang_Clean	Épaulé suspendu alterné, deux kettlebells	Une kettlebell dans chaque main, ramène-les tour à tour à l’épaule par une poussée des hanches.
Dumbbell_Clean	Épaulé aux haltères	Haltères le long des jambes, pousse fort avec les hanches et ramène-les sur les épaules en fléchissant les genoux.
Floor_Glute-Ham_Raise	Relevé ischios au sol (glute-ham)	À genoux, chevilles calées, descends le buste vers l’avant le plus lentement possible, puis remonte en tirant avec les ischios.
Front_Box_Jump	Saut sur boîte	Face à une boîte, saute dessus à pieds joints, atterris en douceur genoux fléchis, puis redescends en marchant.
Front_Leg_Raises	Élévations de jambe vers l’avant	Debout en appui, balance une jambe tendue vers l’avant en contrôlant, pour mobiliser l’arrière de la cuisse.
Glute_Ham_Raise	Glute-ham raise	Sur le banc GHD, chevilles calées, descends le buste à l’horizontale puis remonte en fléchissant les genoux.
Good_Morning_off_Pins	Good morning depuis des supports	Barre posée sur des supports à mi-hauteur, place-toi dessous et redresse-toi en poussant les hanches vers l’avant.
Hamstring_Stretch	Étirement des ischios	Jambe tendue devant toi, penche-toi vers l’avant dos droit jusqu’à sentir l’arrière de la cuisse et tiens.
Hamstring-SMR	Auto-massage des ischios	Assis, rouleau sous l’arrière des cuisses, soulève les fesses et fais rouler lentement.
Hang_Snatch	Arraché suspendu	Barre aux hanches, pousse de façon explosive et amène la barre au-dessus de la tête bras tendus d’un seul mouvement.
Hang_Snatch_-_Below_Knees	Arraché suspendu sous les genoux	Comme l’arraché suspendu, mais départ la barre juste sous les genoux ; mouvement technique.
Hanging_Bar_Good_Morning	Good morning barre suspendue	Barre suspendue à des chaînes, place-toi dessous et redresse-toi en poussant les hanches vers l’avant.
Hurdle_Hops	Sauts de haies	Saute par-dessus une série de petites haies à pieds joints, en gardant des appuis courts et réactifs.
Inchworm	Chenille (inchworm)	Debout, mains au sol, avance les mains jusqu’en planche, puis ramène les pieds vers les mains, jambes tendues.
Intermediate_Groin_Stretch	Étirement de l’aine intermédiaire	Assis, une jambe tendue de côté, penche-toi doucement vers elle en gardant le dos droit.
Kettlebell_Dead_Clean	Épaulé kettlebell depuis le sol	Kettlebell au sol entre les pieds, ramène-la à l’épaule en poussant avec les hanches.
Kettlebell_Hang_Clean	Épaulé suspendu kettlebell	Kettlebell entre les jambes, ramène-la à l’épaule par une poussée des hanches, poignet droit.
Kettlebell_One-Legged_Deadlift	Soulevé de terre une jambe kettlebell	Sur une jambe, kettlebell en main, penche le buste vers l’avant en tendant l’autre jambe derrière, puis remonte.
Knee_Tuck_Jump	Saut genoux à la poitrine	Saute le plus haut possible en ramenant les genoux vers la poitrine, atterris en douceur.
Leg-Up_Hamstring_Stretch	Étirement des ischios jambe levée	Couché, monte une jambe tendue et tire-la doucement vers toi avec les mains ou une serviette.
Linear_3-Part_Start_Technique	Départ de sprint en 3 temps	Exercice de départ : pose de la position, appui arrière puis première poussée explosive vers l’avant.
Linear_Acceleration_Wall_Drill	Exercice d’accélération au mur	Mains au mur, corps incliné, monte les genoux à tour de rôle comme en début de sprint.
Lunge_Pass_Through	Fente avec passe de kettlebell	En fente, passe la kettlebell sous la jambe avant d’une main à l’autre, puis change de jambe.
Lying_Hamstring	Étirement des ischios couché	Couché sur le dos, monte une jambe tendue et tiens-la avec une sangle ou les mains.
Moving_Claw_Series	Série « griffe » en mouvement	Exercice de course : en marchant, tire le pied vers le sol et vers l’arrière comme une griffe.
Muscle_Snatch	Muscle snatch	Tire la barre des hanches jusqu’au-dessus de la tête bras tendus sans fléchir les genoux pour la recevoir.
Natural_Glute_Ham_Raise	Relevé ischios naturel	À genoux, chevilles tenues, descends le buste vers l’avant en résistant avec les ischios, puis remonte.
One-Arm_Kettlebell_Clean	Épaulé un bras kettlebell	Kettlebell entre les jambes, ramène-la à l’épaule d’une main par une poussée des hanches.
One-Arm_Kettlebell_Swings	Swing kettlebell un bras	Kettlebell d’une main, balance-la entre les jambes puis pousse les hanches pour la projeter à hauteur de poitrine.
One-Arm_Open_Palm_Kettlebell_Clean	Épaulé kettlebell main ouverte (un bras)	Ramène la kettlebell à l’épaule en la rattrapant main ouverte ; mouvement technique.
Open_Palm_Kettlebell_Clean	Épaulé kettlebell main ouverte	Ramène la kettlebell à l’épaule par les hanches et rattrape-la main ouverte.
Platform_Hamstring_Slides	Glissés des ischios	Couché sur le dos, talons sur un support glissant, monte les hanches et ramène les talons vers les fesses.
Power_Clean	Épaulé en puissance (power clean)	Tire la barre du sol de façon explosive et reçois-la sur les épaules avec les genoux légèrement fléchis.
Power_Clean_from_Blocks	Power clean depuis des blocs	Barre sur des blocs à hauteur des genoux, tire de façon explosive et reçois-la sur les épaules.
Power_Snatch	Arraché en puissance	Tire la barre du sol et amène-la bras tendus au-dessus de la tête, en la recevant genoux légèrement fléchis.
Power_Stairs	Escaliers de puissance	Monte une charge marche par marche en la soulevant avec les hanches et les jambes.
Prone_Manual_Hamstring	Curl des ischios manuel couché	Couché sur le ventre, un partenaire résiste à ta cheville pendant que tu plies le genou.
Prowler_Sprint	Sprint avec traîneau (prowler)	Mains sur le traîneau, corps penché, pousse-le en courant sur une courte distance.
Reverse_Band_Sumo_Deadlift	Soulevé de terre sumo avec élastiques inversés	Soulevé sumo avec des élastiques qui allègent la barre en bas ; pour travailler le haut du mouvement.
Reverse_Hyperextension	Hyperextension inversée	Buste couché sur la machine, jambes pendantes, monte les jambes tendues en serrant les fessiers.
Romanian_Deadlift_from_Deficit	Soulevé de terre roumain en déficit	Debout sur une petite plateforme, descends la barre plus bas qu’à l’habitude, dos plat, puis remonte.
Runners_Stretch	Étirement du coureur	En fente basse, mains au sol, recule les hanches en tendant la jambe avant pour étirer les ischios.
Seated_Band_Hamstring_Curl	Curl des jambes assis à l’élastique	Assis, élastique ancré devant toi et autour de la cheville, plie le genou contre la résistance.
Seated_Floor_Hamstring_Stretch	Étirement des ischios assis au sol	Assis, jambes tendues, penche-toi vers les pieds en gardant le dos le plus droit possible.
Seated_Hamstring	Étirement des ischios assis	Assis, une jambe tendue, l’autre pliée, penche-toi vers le pied de la jambe tendue.
Seated_Hamstring_and_Calf_Stretch	Étirement ischios et mollets assis	Assis, jambes tendues, tire la pointe des pieds vers toi avec une serviette en te penchant vers l’avant.
Smith_Machine_Hang_Power_Clean	Power clean suspendu à la Smith	Barre de la Smith aux cuisses, tire-la de façon explosive jusqu’aux épaules.
Smith_Machine_Stiff-Legged_Deadlift	Soulevé de terre jambes tendues à la Smith	Barre de la Smith en main, jambes presque tendues, descends dos plat puis remonte en poussant les hanches.
Snatch_Deadlift	Soulevé de terre pour l’arraché	Monte la barre du sol en prise large (prise d’arraché), dos plat, jusqu’aux hanches.
Snatch_Pull	Tirage d’arraché	Barre en prise large, tire-la de façon explosive du sol jusqu’à la poitrine en montant sur la pointe des pieds.
Split_Snatch	Arraché fendu	Amène la barre au-dessus de la tête et reçois-la en fente avant, bras tendus.
Split_Squats	Étirement en fente	En fente, genou arrière au sol, avance doucement les hanches et tiens l’étirement.
Standing_Hamstring_and_Calf_Stretch	Étirement ischios et mollets debout	Talon posé devant toi, pointe du pied relevée, penche-toi vers l’avant dos droit.
Standing_Leg_Curl	Curl des jambes debout	Debout dans la machine, ramène un talon vers la fesse en contrôlant, puis redescends lentement.
Standing_Toe_Touches	Touche-orteils debout	Debout, jambes tendues, descends lentement les mains vers les pieds et tiens l’étirement.
Stiff-Legged_Barbell_Deadlift	Soulevé de terre jambes tendues	Jambes presque tendues, descends la barre le long des jambes dos plat, puis remonte en poussant les hanches.
Sumo_Deadlift	Soulevé de terre sumo	Pieds très écartés, mains entre les jambes, monte la barre en poussant le sol avec les jambes, dos plat.
Sumo_Deadlift_with_Bands	Soulevé de terre sumo avec élastiques	Soulevé sumo avec des élastiques qui ajoutent de la résistance en haut du mouvement.
Sumo_Deadlift_with_Chains	Soulevé de terre sumo avec chaînes	Soulevé sumo avec des chaînes : la charge augmente en montant.
The_Straddle	Grand écart facial (straddle)	Assis jambes très écartées, penche le buste vers l’avant en gardant le dos long.
Upper_Back-Leg_Grab	Étirement dos et jambes	Assis, attrape tes jambes ou tes pieds et laisse le dos s’arrondir doucement en respirant.
Vertical_Swing	Swing vertical à l’haltère	Haltère tenu à deux mains entre les jambes, projette-le au-dessus de la tête par une poussée des hanches.
Wide_Stance_Stiff_Legs	Soulevé jambes tendues pieds écartés	Pieds écartés, jambes presque tendues, descends la barre dos plat puis remonte.
Worlds_Greatest_Stretch	Le « meilleur étirement du monde »	En fente, main au sol, coude vers le pied avant puis bras vers le plafond en pivotant le buste.
Band_Assisted_Pull-Up	Traction assistée à l’élastique	Élastique sous les genoux ou les pieds, tire-toi jusqu’à ce que le menton passe la barre.
Bent-Arm_Barbell_Pullover	Pull-over bras fléchis à la barre	Couché sur un banc, barre au-dessus de la poitrine coudes fléchis, descends-la derrière la tête puis ramène-la.
Cable_Incline_Pushdown	Tirage bras tendus incliné à la poulie	Couché sur un banc incliné face à la poulie haute, tire la barre bras tendus vers les hanches.
Catch_and_Overhead_Throw	Rattraper et lancer au-dessus de la tête	Rattrape le ballon au-dessus de la tête et relance-le aussitôt vers l’avant de façon explosive.
Chair_Lower_Back_Stretch	Étirement du bas du dos sur une chaise	Assis sur une chaise, penche-toi vers l’avant entre les genoux et laisse pendre les bras.
Close-Grip_Front_Lat_Pulldown	Tirage vertical prise serrée, barre droite	À la poulie haute, prise serrée, tire la barre vers le haut de la poitrine en abaissant les épaules.
Dynamic_Back_Stretch	Étirement dynamique du dos	Debout, bras tendus, enroule le dos vers l’avant puis grandis-toi, en mouvements doux.
Elevated_Cable_Rows	Rowing à la poulie surélevé	Assis sur un support surélevé, tire la poignée vers le ventre en serrant les omoplates.
Full_Range-Of-Motion_Lat_Pulldown	Tirage vertical pleine amplitude	À la poulie haute, laisse les bras s’étirer complètement en haut, puis tire la barre jusqu’à la poitrine.
Gironda_Sternum_Chins	Traction Gironda (sternum)	Tire-toi en te penchant vers l’arrière jusqu’à amener le bas de la poitrine à la barre ; mouvement avancé.
Kipping_Muscle_Up	Muscle-up avec élan	Avec un élan des hanches, tire-toi au-dessus de la barre puis pousse jusqu’aux bras tendus ; très avancé.
Kneeling_High_Pulley_Row	Rowing à genoux à la poulie haute	À genoux face à la poulie haute, tire les poignées vers le bas et vers toi en serrant les omoplates.
Kneeling_Single-Arm_High_Pulley_Row	Rowing un bras à genoux à la poulie haute	À genoux, tire une poignée de la poulie haute vers la hanche en gardant le buste stable.
Latissimus_Dorsi-SMR	Auto-massage des dorsaux	Couché sur le côté, rouleau sous l’aisselle, roule lentement le long du côté du dos.
Leverage_Iso_Row	Rowing isolatéral à la machine	Assis dans la machine, tire une poignée ou les deux vers toi en serrant les omoplates.
London_Bridges	Ponts de Londres (corde)	En suspension à une corde, grimpe avec les mains en gardant les pieds au sol ou sur un support.
Muscle_Up	Muscle-up	Tire-toi de façon explosive au-dessus de la barre, passe les coudes, puis pousse jusqu’aux bras tendus.
One_Arm_Against_Wall	Étirement un bras contre le mur	Main au mur au-dessus de la tête, pousse doucement les hanches vers l’extérieur pour étirer le côté.
One_Arm_Lat_Pulldown	Tirage vertical un bras	À la poulie haute, tire une poignée vers l’épaule en gardant le buste droit.
One_Handed_Hang	Suspension à une main	Suspends-toi à la barre d’une seule main, épaule engagée, le plus longtemps possible.
Overhead_Lat	Étirement des dorsaux au-dessus de la tête	Bras levé, attrape un support et laisse le poids du corps étirer le côté du dos.
Overhead_Slam	Slam au-dessus de la tête	Ballon au-dessus de la tête, lance-le au sol de toutes tes forces en engageant tout le corps.
Rocky_Pull-Ups_Pulldowns	Tractions / tirages « Rocky »	Alterne des tractions devant et derrière la nuque pour varier l’angle ; derrière la nuque, amplitude prudente.
Rope_Climb	Montée de corde	Grimpe une corde en tirant avec les bras, avec ou sans l’aide des jambes.
Rope_Straight-Arm_Pulldown	Tirage bras tendus à la corde	Face à la poulie haute, corde en main, tire vers les cuisses bras presque tendus en serrant les dorsaux.
Shotgun_Row	Rowing « shotgun » à la poulie	Poignée de la poulie basse d’une main, tire vers la hanche en tournant la paume vers le haut.
Side_To_Side_Chins	Tractions d’un côté à l’autre	En traction, déplace-toi vers une main puis vers l’autre en haut du mouvement.
Side-Lying_Floor_Stretch	Étirement couché sur le côté	Couché sur le côté, bras du dessus au-dessus de la tête, laisse le côté s’étirer en respirant.
Straight-Arm_Pulldown	Tirage bras tendus à la poulie	Face à la poulie haute, barre en main, tire vers les cuisses bras presque tendus.
V-Bar_Pullup	Tractions prise en V	Poignée en V sur la barre, tire-toi jusqu’à ce que la poitrine approche de la poignée.
Weighted_Pull_Ups	Tractions lestées	Ceinture lestée ou haltère entre les pieds, tire-toi jusqu’à ce que le menton passe la barre.
Wide-Grip_Pulldown_Behind_The_Neck	Tirage vertical nuque prise large	Tire la barre derrière la tête avec une amplitude prudente ; si l’épaule tire, fais-le devant.
Wide-Grip_Rear_Pull-Up	Tractions nuque prise large	Tire-toi jusqu’à ce que la nuque approche de la barre ; mouvement exigeant pour les épaules.
Atlas_Stone_Trainer	Entraînement à la pierre d’Atlas	Soulève une pierre lourde du sol jusqu’aux hanches en l’enroulant contre le corps.
Atlas_Stones	Pierres d’Atlas	Soulève une pierre lourde du sol et monte-la sur une plateforme ; mouvement de force athlétique.
Axle_Deadlift	Soulevé de terre barre épaisse	Soulevé de terre avec une barre épaisse : dos plat, et la prise devient le défi.
Barbell_Deadlift	Soulevé de terre	Barre au-dessus des pieds, dos plat, pousse le sol avec les jambes et redresse-toi en gardant la barre collée aux jambes.
Cat_Stretch	Étirement du chat	À quatre pattes, arrondis le dos vers le plafond, puis creuse-le doucement ; alterne lentement.
Childs_Pose	Posture de l’enfant	À genoux, fesses sur les talons, allonge les bras devant toi au sol et respire.
Crossover_Reverse_Lunge	Fente arrière croisée	Recule une jambe en diagonale derrière l’autre pour descendre en fente et étirer la hanche.
Dancers_Stretch	Étirement du danseur	Couché sur le dos, croise une jambe par-dessus l’autre et laisse le bassin pivoter doucement.
Deadlift_with_Bands	Soulevé de terre avec élastiques	Soulevé de terre avec des élastiques qui ajoutent de la résistance en haut du mouvement.
Deadlift_with_Chains	Soulevé de terre avec chaînes	Soulevé de terre avec des chaînes : la charge augmente en montant.
Deficit_Deadlift	Soulevé de terre en déficit	Debout sur une petite plateforme, fais un soulevé de terre avec une plus grande amplitude, dos bien plat.
Hug_A_Ball	Enlacer un ballon	À genoux, enlace un ballon devant toi et laisse le dos s’arrondir doucement en respirant.
Hug_Knees_To_Chest	Genoux à la poitrine	Couché sur le dos, ramène les deux genoux vers la poitrine avec les mains et respire lentement.
Hyperextensions_Back_Extensions	Extensions lombaires (hyperextensions)	Sur le banc à lombaires, descends le buste vers l’avant dos plat, puis remonte jusqu’à l’alignement du corps.
Hyperextensions_With_No_Hyperextension_Bench	Extensions lombaires sans banc	Couché sur le ventre au bord d’un lit ou d’un banc, pieds tenus, monte le buste jusqu’à l’alignement.
Keg_Load	Chargement de baril	Soulève un baril lourd du sol et dépose-le sur une plateforme en poussant avec les hanches.
Lower_Back-SMR	Auto-massage du bas du dos	Couché, rouleau sous le bas du dos, roule très doucement ; évite d’appuyer directement sur la colonne.
Pelvic_Tilt_Into_Bridge	Bascule du bassin vers le pont	Couché, genoux pliés, bascule le bassin pour plaquer le bas du dos au sol, puis monte doucement en pont.
Pyramid	Pyramide sur ballon	Ventre sur un ballon, mains au sol, monte les hanches en pyramide en ramenant le ballon vers toi.
Rack_Pull_with_Bands	Soulevé partiel avec élastiques	Barre posée au-dessus des genoux dans le rack, redresse-toi contre la résistance des élastiques.
Rack_Pulls	Soulevé partiel (rack pull)	Barre posée au-dessus des genoux dans le rack, redresse-toi dos plat en poussant les hanches vers l’avant.
Reverse_Band_Deadlift	Soulevé de terre avec élastiques inversés	Des élastiques allègent la barre en bas : pratique pour charger plus lourd en haut du mouvement.
Seated_Good_Mornings	Good morning assis	Assis sur un banc, barre sur les épaules, penche le buste vers l’avant dos plat, puis redresse-toi.
Standing_Pelvic_Tilt	Bascule du bassin debout	Debout, mains sur les hanches, bascule doucement le bassin vers l’avant puis vers l’arrière.
Stiff_Leg_Barbell_Good_Morning	Good morning jambes tendues	Barre sur les épaules, jambes presque tendues, penche-toi vers l’avant dos plat, puis redresse-toi.
Superman	Superman	Couché sur le ventre, soulève en même temps les bras et les jambes tendus, tiens un instant, puis redescends.
Weighted_Ball_Hyperextension	Extension lombaire lestée sur ballon	Ventre sur un ballon, pieds calés, poids contre la poitrine, monte le buste jusqu’à l’alignement.
Alternating_Kettlebell_Row	Rowing alterné aux kettlebells	Penché vers l’avant dos plat, tire une kettlebell vers la hanche puis l’autre.
Alternating_Renegade_Row	Rowing renegade alterné	En planche sur deux kettlebells, tire une kettlebell vers la hanche sans laisser le bassin pivoter, puis alterne.
Bent_Over_One-Arm_Long_Bar_Row	Rowing un bras à la barre en T (landmine)	Bout de barre ancré, penché vers l’avant, tire l’extrémité de la barre vers la hanche d’une main.
Bent_Over_Two-Arm_Long_Bar_Row	Rowing deux bras à la barre en T (landmine)	Bout de barre ancré entre les jambes, tire-la vers la poitrine avec les deux mains, dos plat.
Bent_Over_Two-Dumbbell_Row_With_Palms_In	Rowing penché aux haltères prise neutre	Penché dos plat, haltères paumes face à face, tire vers les hanches en serrant les omoplates.
Bodyweight_Mid_Row	Rowing au poids du corps	Sous une barre basse ou des sangles, corps droit, tire la poitrine vers la barre, puis redescends.
Dumbbell_Incline_Row	Rowing incliné aux haltères	Couché sur le ventre sur un banc incliné, tire les haltères vers les hanches en serrant les omoplates.
Incline_Bench_Pull	Tirage incliné à la barre	Couché sur le ventre sur un banc incliné, tire une barre vers le banc en serrant les omoplates.
Inverted_Row_with_Straps	Rowing inversé aux sangles	Suspendu aux sangles, corps droit, tire la poitrine vers les poignées en serrant les omoplates.
Leverage_High_Row	Rowing haut à la machine	Assis dans la machine, tire les poignées du haut vers toi en serrant les omoplates.
Lying_Cambered_Barbell_Row	Rowing couché à la barre cambrée	Couché sur le ventre sur un banc haut, tire la barre cambrée vers le banc.
Lying_T-Bar_Row	Rowing couché à la barre en T	Couché sur le ventre sur l’appui de la machine, tire les poignées vers la poitrine.
Middle_Back_Shrug	Haussement du milieu du dos	Penché vers l’avant, bras tendus, rapproche les omoplates sans plier les coudes, puis relâche.
Middle_Back_Stretch	Étirement du milieu du dos	Bras tendus devant toi, doigts croisés, arrondis le haut du dos en poussant les mains vers l’avant.
Mixed_Grip_Chin	Traction prise mixte	Une main en pronation, l’autre en supination, tire-toi jusqu’à ce que le menton passe la barre.
One_Arm_Chin-Up	Traction sur un bras	Tire-toi d’un seul bras jusqu’à la barre ; mouvement très avancé.
One-Arm_Kettlebell_Row	Rowing un bras à la kettlebell	Main libre sur un banc, dos plat, tire la kettlebell vers la hanche.
One-Arm_Long_Bar_Row	Rowing un bras à la barre longue	Bout de barre ancré, de côté, tire l’extrémité vers la hanche d’une main.
Reverse_Grip_Bent-Over_Rows	Rowing penché prise inversée	Penché dos plat, barre en prise supination, tire vers le bas du ventre en serrant les omoplates.
Rhomboids-SMR	Auto-massage des rhomboïdes	Couché sur le dos, rouleau entre les omoplates, bras croisés, roule lentement le haut du dos.
Seated_One-arm_Cable_Pulley_Rows	Rowing assis un bras à la poulie	Assis face à la poulie, tire une poignée vers la hanche en gardant le buste droit.
Sled_Row	Tirage de traîneau	Face au traîneau, tire la corde vers toi main après main, ou recule en tirant les poignées.
Smith_Machine_Bent_Over_Row	Rowing penché à la Smith	Penché sous la barre de la Smith, dos plat, tire la barre vers le bas du ventre.
Spinal_Stretch	Étirement de la colonne	Assis, pivote doucement le buste d’un côté en t’aidant des mains, puis de l’autre.
Straight_Bar_Bench_Mid_Rows	Rowing à la barre sur banc	Couché sur le ventre sur un banc haut, tire la barre droite vers le banc.
Suspended_Row	Rowing aux sangles de suspension	Suspendu aux sangles, corps droit, tire-toi vers les poignées en serrant les omoplates.
T-Bar_Row_with_Handle	Rowing à la barre en T avec poignée	Poignée en V sous la barre ancrée, penché dos plat, tire vers la poitrine.
Two-Arm_Kettlebell_Row	Rowing deux bras aux kettlebells	Penché dos plat, tire les deux kettlebells vers les hanches en même temps.
Upper_Back_Stretch	Étirement du haut du dos	Bras croisés devant toi, attrape tes épaules et arrondis le haut du dos.
Chin_To_Chest_Stretch	Étirement menton à la poitrine	Debout ou assis, laisse descendre doucement le menton vers la poitrine et tiens.
Isometric_Neck_Exercise_-_Front_And_Back	Isométrique du cou avant et arrière	Main sur le front puis derrière la tête, pousse contre la main sans bouger la tête.
Isometric_Neck_Exercise_-_Sides	Isométrique du cou sur les côtés	Main sur le côté de la tête, pousse contre la main sans bouger, puis change de côté.
Lying_Face_Down_Plate_Neck_Resistance	Résistance du cou avec disque (sur le ventre)	Couché sur le ventre, disque léger sur l’arrière de la tête, relève doucement la tête.
Lying_Face_Up_Plate_Neck_Resistance	Résistance du cou avec disque (sur le dos)	Couché sur le dos, disque léger sur le front, relève doucement la tête vers la poitrine.
Neck-SMR	Auto-massage du cou	Couché, rouleau ou balle sous la nuque, fais de petits mouvements doux.
Seated_Head_Harness_Neck_Resistance	Résistance du cou au harnais	Assis, harnais lesté sur la tête, relève lentement la tête depuis la position penchée.
Side_Neck_Stretch	Étirement latéral du cou	Penche doucement l’oreille vers l’épaule et tiens ; tu peux aider légèrement avec la main.
All_Fours_Quad_Stretch	Étirement des quadriceps à quatre pattes	À quatre pattes, attrape un pied et tire-le doucement vers la fesse.
Alternate_Leg_Diagonal_Bound	Bonds diagonaux alternés	Bondis en diagonale d’une jambe à l’autre, en cherchant la distance et un atterrissage stable.
Backward_Drag	Traîneau à reculons	Face au traîneau, poignées en main, recule à petits pas en poussant dans les talons.
Barbell_Full_Squat	Squat complet à la barre	Barre sur les épaules, descends le plus bas possible dos droit, puis remonte en poussant dans les talons.
Barbell_Hack_Squat	Hack squat à la barre	Barre derrière les jambes, bras tendus, descends en squat puis remonte en gardant le dos droit.
Barbell_Lunge	Fente à la barre	Barre sur les épaules, fais un grand pas en avant et descends le genou arrière vers le sol, puis reviens.
Barbell_Side_Split_Squat	Fente latérale à la barre	Barre sur les épaules, fais un grand pas de côté et plie cette jambe, puis reviens au centre.
Barbell_Squat_To_A_Bench	Squat à la barre jusqu’au banc	Barre sur les épaules, descends jusqu’à effleurer un banc derrière toi, puis remonte.
Barbell_Step_Ups	Montées sur banc à la barre	Barre sur les épaules, monte sur un banc en poussant avec la jambe avant, puis redescends.
Barbell_Walking_Lunge	Fentes marchées à la barre	Barre sur les épaules, avance en fentes successives en gardant le buste droit.
Bear_Crawl_Sled_Drags	Marche de l’ours avec traîneau	Harnais du traîneau, avance à quatre pattes (mains et pieds) en gardant le dos plat.
Bench_Jump	Sauts par-dessus un banc	Saute latéralement par-dessus un banc à pieds joints, en enchaînant.
Bench_Sprint	Montées rapides sur banc	Alterne très vite les pieds sur un banc bas, comme un sprint sur place.
Bicycling	Vélo	Pédale à un rythme régulier en gardant le dos droit ; ajuste la résistance selon ton objectif.
Bicycling_Stationary	Vélo stationnaire	Sur le vélo stationnaire, pédale à un rythme régulier ; règle la selle à hauteur de hanche.
Bodyweight_Walking_Lunge	Fentes marchées au poids du corps	Avance en fentes successives, genou arrière près du sol, buste droit.
Box_Squat	Box squat	Barre sur les épaules, assieds-toi en arrière sur une boîte, marque un temps, puis remonte de façon explosive.
Box_Squat_with_Bands	Box squat avec élastiques	Box squat avec des élastiques qui ajoutent de la résistance en haut du mouvement.
Box_Squat_with_Chains	Box squat avec chaînes	Box squat avec des chaînes : la charge augmente en remontant.
Cable_Deadlifts	Soulevé de terre à la poulie	Poulie basse, poignées en main, fais un soulevé de terre dos plat en poussant avec les jambes.
Cable_Hip_Adduction	Adduction de hanche à la poulie	Sangle de la poulie à la cheville, ramène la jambe vers l’intérieur devant l’autre.
Car_Deadlift	Soulevé de voiture	Soulève le cadre lesté par les poignées en poussant avec les jambes, dos plat ; force athlétique.
Chair_Squat	Squat assis à la machine	Assis dans la machine, pousse avec les jambes jusqu’à les tendre presque, puis reviens lentement.
Clean_Pull	Tirage d’épaulé	Barre en prise d’épaulé, tire-la de façon explosive du sol jusqu’au ventre en montant sur la pointe des pieds.
Clean_from_Blocks	Épaulé depuis des blocs	Barre sur des blocs, tire de façon explosive et reçois la barre sur les épaules en squat.
Conans_Wheel	Roue de Conan	Charge sur l’épaule, pousse le bras de la machine en tournant en rond ; force athlétique.
Depth_Jump_Leap	Saut de profondeur avec bond	Descends d’une boîte et, dès le contact au sol, bondis le plus loin possible vers l’avant.
Double_Leg_Butt_Kick	Talons-fesses deux jambes	Saute sur place en ramenant les deux talons vers les fesses.
Dumbbell_Rear_Lunge	Fente arrière aux haltères	Haltères en main, recule une jambe et descends le genou vers le sol, puis reviens.
Dumbbell_Seated_Box_Jump	Saut assis vers une boîte avec haltères	Assis sur un banc, haltères légers en main, saute directement sur une boîte devant toi.
Dumbbell_Squat_To_A_Bench	Squat aux haltères jusqu’au banc	Haltères en main, descends jusqu’à effleurer un banc derrière toi, puis remonte.
Elevated_Back_Lunge	Fente arrière surélevée	Debout sur une petite plateforme, recule une jambe et descends en fente plus profonde.
Elliptical_Trainer	Elliptique	Sur l’elliptique, pousse et tire les poignées en rythme ; bon cardio doux pour les articulations.
Fast_Skipping	Saut à la corde rapide (skipping)	Enchaîne de petits sautillements rapides en montant légèrement les genoux.
Frankenstein_Squat	Squat Frankenstein	Barre sur l’avant des épaules, bras tendus devant toi sans la tenir, descends en squat en gardant le buste droit.
Freehand_Jump_Squat	Squat sauté	Descends en squat, puis saute le plus haut possible et atterris en douceur pour enchaîner.
Frog_Hops	Sauts de grenouille	Accroupi, mains au sol, saute vers l’avant et atterris de nouveau accroupi.
Front_Barbell_Squat	Squat avant à la barre	Barre sur l’avant des épaules, coudes hauts, descends en squat en gardant le buste droit.
Front_Barbell_Squat_To_A_Bench	Squat avant jusqu’au banc	Barre sur l’avant des épaules, descends jusqu’à effleurer un banc, puis remonte.
Front_Cone_Hops_or_hurdle_hops	Sauts par-dessus des cônes (vers l’avant)	Saute à pieds joints par-dessus une série de cônes en gardant des appuis courts.
Front_Squat_Clean_Grip	Squat avant (prise d’épaulé)	Barre sur les épaules, doigts sous la barre et coudes hauts, descends en squat buste droit.
Front_Squats_With_Two_Kettlebells	Squat avant avec deux kettlebells	Deux kettlebells à la hauteur des épaules, descends en squat en gardant le buste droit.
Hang_Clean	Épaulé suspendu	Barre aux hanches, pousse de façon explosive et reçois la barre sur les épaules.
Hang_Clean_-_Below_the_Knees	Épaulé suspendu sous les genoux	Comme l’épaulé suspendu, mais départ avec la barre juste sous les genoux.
Heaving_Snatch_Balance	Équilibre d’arraché avec impulsion	Barre sur les épaules, fais une petite impulsion et passe sous la barre bras tendus en squat.
Hip_Flexion_with_Band	Flexion de hanche à l’élastique	Élastique à la cheville, monte le genou vers la poitrine contre la résistance.
Intermediate_Hip_Flexor_and_Quad_Stretch	Étirement des fléchisseurs de hanche et des quadriceps	En fente, genou arrière au sol, attrape le pied arrière et avance doucement les hanches.
Iron_Crosses_stretch	Croix de fer (étirement)	Couché sur le ventre, bras en croix, amène un pied vers la main opposée derrière toi.
Jefferson_Squats	Squat Jefferson	Barre entre les jambes, une main devant et une derrière, descends en squat puis remonte.
Jerk_Dip_Squat	Squat d’impulsion pour le jeté	Barre sur les épaules, fais une petite flexion rapide des genoux, dos droit, puis remonte.
Jogging_Treadmill	Course sur tapis roulant	Cours à un rythme confortable sur le tapis, buste droit, pas légers.
Kettlebell_Pistol_Squat	Squat pistol à la kettlebell	Sur une jambe, l’autre tendue devant, kettlebell contre la poitrine, descends le plus bas possible.
Kneeling_Hip_Flexor	Étirement des fléchisseurs de hanche à genoux	Genou arrière au sol, avance doucement les hanches en serrant le fessier arrière.
Leverage_Deadlift	Soulevé de terre à la machine	Dans la machine, pousse avec les jambes pour te redresser en gardant le dos plat.
Linear_Depth_Jump	Saut de profondeur	Descends d’une boîte et rebondis immédiatement le plus haut possible au contact du sol.
Looking_At_Ceiling	Regarder le plafond	À genoux, penche doucement le buste vers l’arrière en regardant le plafond pour étirer l’avant des cuisses.
Lunge_Sprint	Fente sprint à la machine	Dans la machine, enchaîne des fentes rapides en poussant fort avec la jambe avant.
Lying_Machine_Squat	Squat couché à la machine	Couché sur la machine, épaules sous les appuis, descends en squat puis pousse avec les jambes.
Lying_Prone_Quadriceps	Étirement des quadriceps couché sur le ventre	Couché sur le ventre, attrape un pied et tire-le doucement vers la fesse.
Mountain_Climbers	Grimpeurs (mountain climbers)	En planche, ramène les genoux vers la poitrine en alternant rapidement, hanches basses.
Narrow_Stance_Hack_Squats	Hack squat pieds serrés	Dans la machine de hack squat, pieds rapprochés, descends en contrôlant puis pousse.
Narrow_Stance_Leg_Press	Presse à cuisses pieds serrés	Pieds rapprochés au milieu de la plateforme, descends en contrôlant puis pousse sans verrouiller les genoux.
Narrow_Stance_Squats	Squat pieds serrés	Barre sur les épaules, pieds rapprochés, descends en gardant le buste droit ; cible davantage les quadriceps.
Olympic_Squat	Squat olympique	Barre haute sur les trapèzes, buste très droit, descends le plus bas possible puis remonte.
On_Your_Side_Quad_Stretch	Étirement des quadriceps couché sur le côté	Couché sur le côté, attrape le pied du dessus et tire-le doucement vers la fesse.
On-Your-Back_Quad_Stretch	Étirement des quadriceps couché sur le dos	Au bord d’un banc, laisse pendre une jambe pliée et tire doucement le pied vers la fesse.
One_Half_Locust	Demi-sauterelle	Couché sur le ventre, plie une jambe et monte doucement la cuisse du sol pour étirer l’avant de la hanche.
One_Leg_Barbell_Squat	Squat une jambe à la barre	Barre sur les épaules, pied arrière posé sur un banc, descends sur la jambe avant puis remonte.
One-Arm_Overhead_Kettlebell_Squats	Squat un bras kettlebell au-dessus de la tête	Kettlebell verrouillée au-dessus de la tête d’une main, descends en squat en gardant le bras vertical.
One-Arm_Side_Deadlift	Soulevé de terre latéral un bras	Barre à côté de toi, attrape-la par le milieu d’une main et redresse-toi en gardant le buste droit.
Overhead_Squat	Squat bras au-dessus de la tête	Barre verrouillée au-dessus de la tête en prise large, descends en squat en gardant les bras verticaux.
Plie_Dumbbell_Squat	Squat plié aux haltères	Pieds très écartés et tournés vers l’extérieur, haltère entre les jambes, descends en gardant le buste droit.
Power_Jerk	Jeté en puissance	Barre sur les épaules, fais une impulsion avec les jambes et pousse la barre au-dessus de la tête en fléchissant légèrement les genoux.
Power_Snatch_from_Blocks	Arraché en puissance depuis des blocs	Barre sur des blocs, tire de façon explosive et reçois la barre au-dessus de la tête.
Quad_Stretch	Étirement des quadriceps	Debout en appui, attrape un pied derrière toi et tire-le doucement vers la fesse, genoux côte à côte.
Quadriceps-SMR	Auto-massage des quadriceps	Couché sur le ventre, rouleau sous les cuisses, roule lentement de la hanche au genou.
Quick_Leap	Bond rapide	Depuis une position semi-accroupie, bondis vers l’avant rapidement et atterris stable.
Rear_Leg_Raises	Élévations de jambe vers l’arrière	Debout en appui, monte une jambe tendue vers l’arrière en serrant le fessier, sans cambrer.
Recumbent_Bike	Vélo couché	Sur le vélo semi-allongé, pédale à un rythme régulier ; doux pour le dos.
Reverse_Band_Box_Squat	Box squat avec élastiques inversés	Box squat avec des élastiques qui allègent la barre en bas du mouvement.
Reverse_Band_Power_Squat	Squat puissance avec élastiques inversés	Squat avec des élastiques qui allègent la barre en bas pour charger plus lourd en haut.
Rickshaw_Deadlift	Soulevé « rickshaw »	Soulève le cadre lesté par les poignées latérales en poussant avec les jambes, dos plat.
Rocket_Jump	Saut fusée	Accroupi, saute le plus haut possible en tendant les bras au-dessus de la tête.
Rope_Jumping	Corde à sauter	Saute à la corde à un rythme régulier, sur l’avant des pieds, poignets qui tournent la corde.
Rowing_Stationary	Rameur	Pousse d’abord avec les jambes, puis bascule le buste et tire la poignée vers le bas des côtes.
Running_Treadmill	Course sur tapis	Cours sur le tapis roulant à une vitesse adaptée, buste droit, foulées légères.
Sandbag_Load	Chargement de sac de sable	Soulève un sac de sable lourd du sol et dépose-le sur une plateforme.
Scissors_Jump	Sauts en ciseaux	En fente, saute et inverse les jambes en l’air pour atterrir dans l’autre fente.
Side_Hop-Sprint	Bond latéral et sprint	Fais quelques sauts de côté, puis démarre un sprint court.
Side_Standing_Long_Jump	Saut en longueur latéral	De côté, saute le plus loin possible latéralement et atterris stable.
Side_to_Side_Box_Shuffle	Pas chassés sur boîte	Debout de côté sur une boîte basse, passe rapidement d’un côté à l’autre en posant un pied dessus.
Single_Leg_Butt_Kick	Talons-fesses une jambe	Sautille en ramenant le talon d’une seule jambe vers la fesse, puis change.
Single_Leg_Push-off	Poussée sur une jambe	Un pied sur une boîte, pousse fort avec cette jambe pour monter le plus haut possible.
Single-Cone_Sprint_Drill	Sprint autour d’un cône	Sprint jusqu’à un cône, contourne-le rapidement et reviens.
Single-Leg_High_Box_Squat	Squat une jambe sur boîte haute	Debout sur une boîte, une jambe dans le vide, descends sur l’autre jambe en contrôlant.
Single-Leg_Hop_Progression	Progression de sauts sur une jambe	Sauts sur une jambe de plus en plus longs, en cherchant un atterrissage stable.
Single-Leg_Lateral_Hop	Sauts latéraux sur une jambe	Sur une jambe, saute de côté et atterris sur la même jambe, genou souple.
Single-Leg_Leg_Extension	Extension d’une jambe à la machine	Dans la machine, étends une seule jambe jusqu’en haut, puis redescends lentement.
Single-Leg_Stride_Jump	Saut en foulée sur une jambe	Enchaîne de grands bonds en foulée en poussant fort sur une jambe.
Sit_Squats	Squats assis (mobilité)	Descends dans un squat profond et reste assis quelques secondes en gardant les talons au sol.
Skating	Patinage	Mouvement latéral de patineur : pousse de côté et atterris sur l’autre jambe.
Sled_Drag_-_Harness	Traîneau au harnais	Harnais attaché au traîneau lesté, avance en marchant ou en courant, corps penché.
Sled_Push	Poussée de traîneau	Mains sur le traîneau, bras tendus, pousse-le en avançant à grands pas.
Smith_Machine_Leg_Press	Presse à cuisses à la Smith	Couché sous la barre de la Smith, pieds contre la barre, pousse avec les jambes.
Smith_Machine_Pistol_Squat	Squat pistol à la Smith	Tiens la barre de la Smith pour l’équilibre et descends sur une jambe, l’autre tendue devant.
Smith_Machine_Squat	Squat à la Smith	Sous la barre de la Smith, pieds légèrement devant, descends en squat puis pousse.
Smith_Single-Leg_Split_Squat	Squat bulgare à la Smith	Pied arrière sur un banc, barre de la Smith sur les épaules, descends sur la jambe avant.
Snatch	Arraché	Barre au sol, tire-la de façon explosive et reçois-la au-dessus de la tête en squat, bras tendus.
Snatch_Balance	Équilibre d’arraché	Barre sur les épaules, descends rapidement en squat en poussant la barre au-dessus de la tête.
Snatch_from_Blocks	Arraché depuis des blocs	Barre sur des blocs, tire de façon explosive et reçois-la au-dessus de la tête en squat.
Speed_Box_Squat	Box squat de vitesse	Charge légère, assieds-toi sur la boîte et remonte le plus vite possible.
Speed_Squats	Squats de vitesse	Charge légère, fais des squats avec une remontée la plus rapide possible.
Split_Clean	Épaulé fendu	Tire la barre et reçois-la sur les épaules en fente avant.
Split_Jerk	Jeté fendu	Barre sur les épaules, impulsion avec les jambes, pousse la barre au-dessus de la tête en fente.
Split_Jump	Sauts en fente	En fente, saute et change de jambe en l’air ; atterris en douceur dans la fente opposée.
Squat_Jerk	Jeté en squat	Barre sur les épaules, impulsion puis réception de la barre bras tendus en squat complet.
Squat_with_Bands	Squat avec élastiques	Squat à la barre avec des élastiques qui ajoutent de la résistance en haut.
Squat_with_Chains	Squat avec chaînes	Squat à la barre avec des chaînes : la charge augmente en remontant.
Squat_with_Plate_Movers	Squat avec déplacement de disques	En squat, pose et reprend des disques de chaque côté ; travail d’endurance des jambes.
Squats_-_With_Bands	Squats à l’élastique	Élastique sous les pieds et tenu aux épaules, descends en squat puis remonte contre la résistance.
Stairmaster	Stairmaster (marches)	Monte les marches à un rythme régulier sans t’appuyer sur les poignées.
Standing_Elevated_Quad_Stretch	Étirement des quadriceps pied surélevé	Pied arrière posé sur un banc derrière toi, plie doucement la jambe avant pour étirer la cuisse arrière.
Standing_Hip_Flexors	Étirement des fléchisseurs de hanche debout	En fente debout, serre le fessier arrière et avance doucement les hanches.
Standing_Long_Jump	Saut en longueur sans élan	Pieds joints, balance les bras et saute le plus loin possible, atterris genoux fléchis.
Star_Jump	Saut en étoile	Accroupi, saute en ouvrant bras et jambes en étoile, puis referme à l’atterrissage.
Step_Mill	Escalier roulant (step mill)	Monte l’escalier roulant à un rythme régulier, buste droit.
Stride_Jump_Crossover	Saut en foulée croisé	Enchaîne des bonds en croisant les jambes à chaque saut.
Suspended_Split_Squat	Fente aux sangles de suspension	Pied arrière dans la sangle, descends en fente sur la jambe avant.
Tire_Flip	Retournement de pneu	Accroupi devant un gros pneu, soulève-le et pousse-le pour le retourner ; force athlétique.
Trail_Running_Walking	Course ou marche en sentier	Cours ou marche en sentier à ton rythme ; bon cardio et renforcement des chevilles.
Trap_Bar_Deadlift	Soulevé de terre à la barre hexagonale	Debout au centre de la barre hexagonale, dos plat, pousse le sol avec les jambes pour te redresser.
Walking_Treadmill	Marche sur tapis roulant	Marche à bon rythme sur le tapis, avec ou sans inclinaison.
Weighted_Jump_Squat	Squat sauté lesté	Barre légère sur les épaules, descends en squat puis saute ; atterris en douceur.
Weighted_Sissy_Squat	Sissy squat lesté	Sur la pointe des pieds, genoux vers l’avant, penche le buste vers l’arrière en descendant ; charge légère.
Weighted_Squat	Squat lesté	Charge tenue ou en ceinture, descends en squat en gardant le buste droit, puis remonte.
Wide_Stance_Barbell_Squat	Squat pieds écartés à la barre	Pieds plus écartés que les épaules, pointes vers l’extérieur, descends en squat puis remonte.
Yoke_Walk	Marche au joug	Porte le joug lesté sur les épaules et marche à petits pas rapides ; force athlétique.
Zercher_Squats	Squat Zercher	Barre tenue dans le creux des coudes, descends en squat en gardant le buste droit.
Alternating_Cable_Shoulder_Press	Développé épaules alterné à la poulie	Entre deux poulies basses, pousse une poignée au-dessus de la tête puis l’autre.
Alternating_Deltoid_Raise	Élévation alternée des deltoïdes	Debout, monte un haltère devant toi puis l’autre, jusqu’à la hauteur des épaules.
Alternating_Kettlebell_Press	Développé alterné aux kettlebells	Kettlebells aux épaules, pousse l’une au-dessus de la tête, puis l’autre.
Anti-Gravity_Press	Développé « anti-gravité »	Couché sur le ventre sur un banc incliné, pousse la barre devant toi au-dessus de la tête.
Arm_Circles	Cercles de bras	Bras tendus de côté, fais de petits puis de grands cercles vers l’avant et vers l’arrière.
Arnold_Dumbbell_Press	Développé Arnold	Haltères devant les épaules paumes vers toi, pousse-les au-dessus de la tête en tournant les paumes vers l’avant.
Back_Flyes_-_With_Bands	Oiseau à l’élastique	Élastique tenu devant toi bras tendus, ouvre les bras de côté en serrant les omoplates.
Backward_Medicine_Ball_Throw	Lancer de médecine-ball vers l’arrière	Ballon entre les jambes, projette-le par-dessus la tête vers l’arrière d’une poussée explosive des hanches.
Band_Pull_Apart	Écartement de l’élastique	Élastique tenu devant toi, bras tendus, écarte-le jusqu’à la poitrine en serrant les omoplates.
Barbell_Incline_Shoulder_Raise	Élévation des épaules sur banc incliné à la barre	Couché sur un banc incliné, barre au-dessus de la poitrine, pousse les épaules vers le haut sans plier les coudes.
Barbell_Rear_Delt_Row	Rowing arrière des épaules à la barre	Penché vers l’avant, prise large, tire la barre vers le haut de la poitrine, coudes vers l’extérieur.
Battling_Ropes	Cordes ondulatoires	Une corde dans chaque main, fais des vagues rapides en alternant les bras, genoux fléchis.
Bent_Over_Dumbbell_Rear_Delt_Raise_With_Head_On_Bench	Oiseau penché, tête sur un banc	Front posé sur un banc incliné, ouvre les haltères de côté pour travailler l’arrière des épaules.
Bent_Over_Low-Pulley_Side_Lateral	Élévation latérale penchée à la poulie basse	Penché vers l’avant, tire la poignée de la poulie basse vers l’extérieur, bras presque tendu.
Bradford_Rocky_Presses	Développé Bradford	Barre en avant des épaules, pousse-la par-dessus la tête vers l’arrière, puis ramène-la devant.
Cable_Internal_Rotation	Rotation interne à la poulie	Coude collé au corps à 90°, tire la poignée vers le ventre en tournant l’avant-bras.
Cable_Rear_Delt_Fly	Oiseau à la poulie	Entre deux poulies, câbles croisés, ouvre les bras vers l’arrière à hauteur des épaules.
Cable_Rope_Rear-Delt_Rows	Rowing arrière des épaules à la corde	Face à la poulie à hauteur du visage, tire la corde vers le visage, coudes hauts.
Cable_Shoulder_Press	Développé épaules à la poulie	Poignées des poulies basses aux épaules, pousse au-dessus de la tête puis redescends lentement.
Car_Drivers	Volant (car drivers)	Disque tenu bras tendus devant toi, tourne-le comme un volant d’un côté puis de l’autre.
Chair_Upper_Body_Stretch	Étirement du haut du corps sur une chaise	Mains sur le dossier d’une chaise, recule et laisse la poitrine descendre pour étirer les épaules.
Circus_Bell	Haltère de cirque	Soulève l’haltère épais à l’épaule puis pousse-le au-dessus de la tête d’un bras ; force athlétique.
Clean_and_Jerk	Épaulé-jeté	Amène la barre du sol aux épaules, puis pousse-la au-dessus de la tête avec une impulsion des jambes.
Clean_and_Press	Épaulé et développé	Amène la barre du sol aux épaules, puis pousse-la au-dessus de la tête.
Crucifix	Crucifix	Charges tenues bras tendus sur les côtés, tiens le plus longtemps possible ; force athlétique.
Cuban_Press	Développé cubain	Monte les coudes en rowing, fais pivoter les avant-bras vers le haut, puis pousse au-dessus de la tête.
Double_Kettlebell_Jerk	Jeté avec deux kettlebells	Kettlebells aux épaules, impulsion des jambes et réception bras tendus au-dessus de la tête.
Double_Kettlebell_Push_Press	Push press avec deux kettlebells	Kettlebells aux épaules, petite flexion des jambes puis pousse-les au-dessus de la tête.
Double_Kettlebell_Snatch	Arraché avec deux kettlebells	Depuis entre les jambes, amène les deux kettlebells au-dessus de la tête d’un seul mouvement.
Dumbbell_Incline_Shoulder_Raise	Élévation des épaules sur banc incliné aux haltères	Couché sur un banc incliné, haltères au-dessus de la poitrine, pousse les épaules vers le haut.
Dumbbell_Lying_One-Arm_Rear_Lateral_Raise	Oiseau couché un bras	Couché sur le côté, monte l’haltère du bras du dessus vers le plafond, bras presque tendu.
Dumbbell_Lying_Rear_Lateral_Raise	Oiseau couché aux haltères	Couché sur le ventre sur un banc, ouvre les haltères de côté pour l’arrière des épaules.
Dumbbell_One-Arm_Shoulder_Press	Développé épaules un bras	Haltère à l’épaule, pousse-le au-dessus de la tête en gardant le buste droit.
Dumbbell_One-Arm_Upright_Row	Rowing vertical un bras à l’haltère	Haltère devant la cuisse, monte-le le long du corps jusqu’à la poitrine, coude haut.
Dumbbell_Raise	Élévation aux haltères	Haltères le long du corps, monte-les devant toi ou de côté jusqu’à la hauteur des épaules.
Dumbbell_Scaption	Scaption aux haltères	Pouces vers le haut, monte les haltères en V devant toi jusqu’à hauteur des épaules.
Dumbbell_Shoulder_Press	Développé épaules aux haltères	Assis ou debout, pousse les haltères des épaules jusqu’au-dessus de la tête, puis redescends.
Elbow_Circles	Cercles de coudes	Mains sur les épaules, fais de grands cercles avec les coudes vers l’avant puis vers l’arrière.
External_Rotation	Rotation externe à l’haltère	Couché sur le côté, coude collé au corps à 90°, monte l’haltère en tournant l’avant-bras vers le haut.
External_Rotation_with_Band	Rotation externe à l’élastique	Coude collé au corps à 90°, écarte l’avant-bras vers l’extérieur contre l’élastique, puis reviens.
External_Rotation_with_Cable	Rotation externe à la poulie	De côté à la poulie, coude collé au corps, tourne l’avant-bras vers l’extérieur, puis reviens lentement.
Front_Cable_Raise	Élévation frontale à la poulie	Dos à la poulie basse, poignée entre les jambes, monte le bras tendu devant toi jusqu’aux épaules.
Front_Dumbbell_Raise	Élévation frontale aux haltères	Debout, monte les haltères devant toi bras presque tendus jusqu’à la hauteur des épaules.
Front_Incline_Dumbbell_Raise	Élévation frontale sur banc incliné	Couché dos sur un banc incliné, monte les haltères devant toi jusqu’à la verticale.
Front_Plate_Raise	Élévation frontale avec disque	Disque tenu à deux mains, monte-le devant toi jusqu’à la hauteur des yeux, puis redescends.
Front_Two-Dumbbell_Raise	Élévation frontale deux haltères	Monte les deux haltères en même temps devant toi jusqu’à la hauteur des épaules.
Handstand_Push-Ups	Pompes en équilibre sur les mains	Pieds contre un mur, en appui sur les mains, descends la tête vers le sol puis pousse ; très avancé.
Internal_Rotation_with_Band	Rotation interne à l’élastique	Coude collé au corps à 90°, tire l’élastique vers le ventre en tournant l’avant-bras vers l’intérieur.
Iron_Cross	Croix de fer aux haltères	Monte les haltères devant puis ouvre-les de côté, bras presque tendus, en contrôlant.
Jerk_Balance	Équilibre de jeté	Barre sur les épaules, fais un pas en fente en poussant la barre bras tendus au-dessus de la tête.
Kettlebell_Arnold_Press	Développé Arnold à la kettlebell	Kettlebell devant l’épaule paume vers toi, pousse au-dessus de la tête en tournant la paume vers l’avant.
Kettlebell_Pirate_Ships	« Bateau de pirate » kettlebell	Kettlebell tenue à deux mains bras tendus, balance-la en arc de cercle d’un côté à l’autre.
Kettlebell_Seated_Press	Développé assis à la kettlebell	Assis au sol, kettlebell à l’épaule, pousse-la au-dessus de la tête en gardant le dos droit.
Kettlebell_Seesaw_Press	Développé en bascule aux kettlebells	Une kettlebell en haut, une en bas : pousse l’une pendant que l’autre redescend.
Kettlebell_Thruster	Thruster kettlebell	Kettlebells aux épaules, descends en squat puis pousse-les au-dessus de la tête en remontant.
Kettlebell_Turkish_Get-Up_Lunge_style	Relevé turc kettlebell (en fente)	Couché, kettlebell bras tendu au plafond, relève-toi jusqu’en fente puis debout en gardant le bras vertical.
Kettlebell_Turkish_Get-Up_Squat_style	Relevé turc kettlebell (en squat)	Comme le relevé turc, mais en passant par un squat pour se relever, bras chargé toujours vertical.
Kneeling_Arm_Drill	Exercice de bras à genoux	À genoux, fais le mouvement de bras de la course, rapide et relâché.
Landmine_Linear_Jammer	Poussée landmine (jammer)	Bout de barre ancré, tiens l’autre extrémité à l’épaule et pousse-la vers le haut et l’avant en tendant les jambes.
Lateral_Raise_-_With_Bands	Élévations latérales à l’élastique	Élastique sous les pieds, monte les bras de côté jusqu’à la hauteur des épaules.
Leverage_Shoulder_Press	Développé épaules à la machine à levier	Assis dans la machine, pousse les poignées au-dessus de la tête puis redescends lentement.
Log_Lift	Soulevé de rondin	Monte le rondin à la poitrine puis pousse-le au-dessus de la tête ; force athlétique.
Low_Pulley_Row_To_Neck	Rowing poulie basse vers le cou	Face à la poulie basse, tire la corde vers le visage en levant les coudes haut.
Lying_One-Arm_Lateral_Raise	Élévation latérale couchée un bras	Couché sur le côté, monte l’haltère de côté vers le plafond, bras presque tendu.
Lying_Rear_Delt_Raise	Oiseau couché	Couché sur le ventre sur un banc incliné, ouvre les haltères de côté en serrant les omoplates.
Medicine_Ball_Scoop_Throw	Lancer « cuillère » au médecine-ball	Ballon entre les jambes, projette-le vers le haut et l’avant par une poussée explosive des hanches.
One-Arm_Incline_Lateral_Raise	Élévation latérale un bras sur banc incliné	Couché sur le côté sur un banc incliné, monte l’haltère de côté jusqu’à la verticale.
One-Arm_Kettlebell_Clean_and_Jerk	Épaulé-jeté un bras kettlebell	Kettlebell à l’épaule par une poussée des hanches, puis au-dessus de la tête par une impulsion des jambes.
One-Arm_Kettlebell_Jerk	Jeté un bras kettlebell	Kettlebell à l’épaule, impulsion des jambes et réception bras tendu au-dessus de la tête.
One-Arm_Kettlebell_Military_Press_To_The_Side	Développé militaire un bras kettlebell (de côté)	Kettlebell à l’épaule, pousse-la au-dessus de la tête en penchant légèrement le buste du côté opposé.
One-Arm_Kettlebell_Para_Press	Développé « para » un bras kettlebell	Kettlebell à hauteur de l’oreille, coude de côté, pousse au-dessus de la tête.
One-Arm_Kettlebell_Push_Press	Push press un bras kettlebell	Kettlebell à l’épaule, petite flexion des jambes puis pousse-la au-dessus de la tête.
One-Arm_Kettlebell_Snatch	Arraché un bras kettlebell	Depuis entre les jambes, amène la kettlebell au-dessus de la tête d’un seul mouvement explosif.
One-Arm_Kettlebell_Split_Jerk	Jeté fendu un bras kettlebell	Kettlebell à l’épaule, impulsion et réception bras tendu en fente.
One-Arm_Kettlebell_Split_Snatch	Arraché fendu un bras kettlebell	Amène la kettlebell au-dessus de la tête et reçois-la en fente avant.
One-Arm_Side_Laterals	Élévations latérales un bras	En appui d’une main, monte un haltère de côté jusqu’à la hauteur de l’épaule.
Power_Partials	Élévations latérales partielles lourdes	Haltères lourds, fais de courtes élévations latérales dans le haut de l’amplitude.
Push_Press	Push press	Barre sur les épaules, petite flexion des jambes et pousse la barre au-dessus de la tête avec l’élan.
Push_Press_-_Behind_the_Neck	Push press nuque	Barre derrière la nuque, petite flexion des jambes et pousse au-dessus de la tête ; bonne mobilité requise.
Rack_Delivery	Réception de la barre sur les épaules	Barre aux hanches, amène-la rapidement sur les épaules en position de réception d’épaulé.
Return_Push_from_Stance	Poussée de médecine-ball en retour	Rattrape le ballon et repousse-le aussitôt vers le partenaire depuis une position stable.
Reverse_Flyes_With_External_Rotation	Oiseau avec rotation externe	Penché vers l’avant, ouvre les haltères de côté en tournant les pouces vers l’extérieur.
Round_The_World_Shoulder_Stretch	Étirement de l’épaule « tour du monde »	Bâton tenu à deux mains, fais-le passer lentement devant puis derrière toi, bras tendus.
Seated_Barbell_Military_Press	Développé militaire assis à la barre	Assis, barre à hauteur du menton, pousse-la au-dessus de la tête puis redescends devant.
Seated_Bent-Over_Rear_Delt_Raise	Oiseau assis penché	Assis au bout d’un banc, buste penché sur les cuisses, ouvre les haltères de côté.
Seated_Cable_Shoulder_Press	Développé épaules assis à la poulie	Assis entre deux poulies, pousse les poignées au-dessus de la tête.
Seated_Front_Deltoid	Étirement de l’avant de l’épaule assis	Assis, mains au sol derrière toi, avance doucement les fesses pour étirer l’avant des épaules.
Seated_Side_Lateral_Raise	Élévations latérales assis	Assis, monte les haltères de côté jusqu’à la hauteur des épaules, puis redescends lentement.
See-Saw_Press_Alternating_Side_Press	Développé en bascule (alterné de côté)	Haltères aux épaules, pousse l’un au-dessus de la tête en penchant le buste de l’autre côté, puis alterne.
Shoulder_Circles	Cercles d’épaules	Fais rouler les épaules vers l’avant puis vers l’arrière en grands cercles lents.
Shoulder_Press_-_With_Bands	Développé épaules à l’élastique	Élastique sous les pieds, poignées aux épaules, pousse au-dessus de la tête.
Shoulder_Raise	Élévation des épaules	Monte les épaules vers les oreilles, tiens un instant, puis relâche.
Shoulder_Stretch	Étirement de l’épaule	Amène un bras tendu devant ta poitrine et tire-le doucement avec l’autre main.
Side_Laterals_to_Front_Raise	Élévation latérale puis frontale	Monte les haltères de côté, ramène-les devant toi en haut, puis redescends.
Side_Wrist_Pull	Traction latérale du poignet	Tire doucement un poignet vers le bas et le côté opposé pour étirer l’épaule et le côté du cou.
Single_Dumbbell_Raise	Élévation frontale un haltère	Un haltère tenu à deux mains, monte-le devant toi jusqu’à la hauteur des épaules.
Single-Arm_Linear_Jammer	Poussée landmine un bras	Bout de barre à l’épaule d’une main, pousse vers le haut et l’avant en tendant les jambes.
Sled_Overhead_Backward_Walk	Marche arrière au traîneau bras levés	Sangles du traîneau tenues au-dessus de la tête, recule à petits pas.
Sled_Reverse_Flye	Oiseau au traîneau	Sangles du traîneau en main, ouvre les bras de côté en reculant.
Smith_Incline_Shoulder_Raise	Élévation des épaules à la Smith sur banc incliné	Couché sur un banc incliné sous la Smith, pousse les épaules vers le haut bras tendus.
Smith_Machine_One-Arm_Upright_Row	Rowing vertical un bras à la Smith	Barre de la Smith tenue d’une main, monte-la le long du corps jusqu’à la poitrine.
Smith_Machine_Overhead_Shoulder_Press	Développé épaules à la Smith	Assis sous la Smith, pousse la barre au-dessus de la tête puis redescends devant le visage.
Standing_Alternating_Dumbbell_Press	Développé alterné debout aux haltères	Debout, pousse un haltère au-dessus de la tête puis l’autre, abdos serrés.
Standing_Barbell_Press_Behind_Neck	Développé nuque debout	Barre derrière la nuque, pousse-la au-dessus de la tête ; amplitude prudente pour les épaules.
Standing_Bradford_Press	Développé Bradford debout	Debout, fais passer la barre au-dessus de la tête de l’avant vers l’arrière, puis ramène-la.
Standing_Dumbbell_Press	Développé debout aux haltères	Debout, pousse les haltères des épaules jusqu’au-dessus de la tête, abdos serrés.
Standing_Dumbbell_Straight-Arm_Front_Delt_Raise_Above_Head	Élévation frontale au-dessus de la tête	Debout, monte les haltères bras tendus devant toi jusqu’au-dessus de la tête.
Standing_Front_Barbell_Raise_Over_Head	Élévation frontale à la barre au-dessus de la tête	Barre tenue bras tendus, monte-la devant toi jusqu’au-dessus de la tête.
Standing_Low-Pulley_Deltoid_Raise	Élévation des deltoïdes à la poulie basse	De côté à la poulie basse, monte le bras de côté jusqu’à la hauteur de l’épaule.
Standing_Military_Press	Développé militaire debout	Debout, barre à hauteur des épaules, pousse-la au-dessus de la tête en rentrant la tête, abdos serrés.
Standing_Palm-In_One-Arm_Dumbbell_Press	Développé un bras paume vers soi	Debout, haltère en prise neutre, pousse au-dessus de la tête en gardant le buste droit.
Standing_Palms-In_Dumbbell_Press	Développé debout prise neutre	Debout, haltères paumes face à face, pousse-les au-dessus de la tête.
Standing_Two-Arm_Overhead_Throw	Lancer au-dessus de la tête à deux mains	Ballon au-dessus de la tête, lance-le vers l’avant d’un mouvement explosif.
Straight_Raises_on_Incline_Bench	Élévations bras tendus sur banc incliné	Couché sur le ventre sur un banc incliné, monte une barre légère bras tendus devant toi.
Two-Arm_Kettlebell_Clean	Épaulé deux kettlebells	Depuis entre les jambes, ramène les deux kettlebells aux épaules par une poussée des hanches.
Two-Arm_Kettlebell_Jerk	Jeté deux kettlebells	Kettlebells aux épaules, impulsion et réception bras tendus au-dessus de la tête.
Two-Arm_Kettlebell_Military_Press	Développé militaire deux kettlebells	Kettlebells aux épaules, pousse-les au-dessus de la tête en gardant le buste droit.
Upright_Barbell_Row	Rowing vertical à la barre	Barre en prise serrée devant les cuisses, monte-la jusqu’au menton, coudes hauts.
Upward_Stretch	Étirement vers le haut	Bras tendus au-dessus de la tête, grandis-toi le plus possible et tiens.
Barbell_Shrug	Haussements d’épaules à la barre	Barre devant les cuisses, monte les épaules vers les oreilles, tiens un instant, puis redescends.
Barbell_Shrug_Behind_The_Back	Haussements d’épaules barre derrière le dos	Barre tenue derrière les fesses, monte les épaules vers les oreilles.
Cable_Shrugs	Haussements d’épaules à la poulie	Poignées des poulies basses, monte les épaules vers les oreilles puis redescends lentement.
Calf-Machine_Shoulder_Shrug	Haussements d’épaules à la machine à mollets	Épaules sous les appuis de la machine à mollets, monte les épaules vers les oreilles.
Clean_Shrug	Haussement d’épaulé	Barre aux cuisses, extension explosive des hanches suivie d’un haussement d’épaules.
Dumbbell_Shrug	Haussements d’épaules aux haltères	Haltères le long du corps, monte les épaules vers les oreilles, tiens, puis redescends.
Kettlebell_Sumo_High_Pull	Tirage haut sumo à la kettlebell	Pieds écartés, kettlebell au sol, tire-la jusqu’au menton, coudes hauts.
Leverage_Shrug	Haussements d’épaules à la machine	Dans la machine, monte les épaules vers les oreilles puis redescends lentement.
Scapular_Pull-Up	Traction scapulaire	Suspendu à la barre bras tendus, abaisse et rapproche les omoplates pour monter un peu le corps.
Smith_Machine_Behind_the_Back_Shrug	Haussements à la Smith barre derrière le dos	Barre de la Smith derrière toi, monte les épaules vers les oreilles.
Smith_Machine_Upright_Row	Rowing vertical à la Smith	Barre de la Smith en prise serrée, monte-la jusqu’au menton, coudes hauts.
Snatch_Shrug	Haussement d’arraché	Barre en prise large aux cuisses, extension explosive des hanches suivie d’un haussement d’épaules.
Standing_Dumbbell_Upright_Row	Rowing vertical aux haltères	Haltères devant les cuisses, monte-les le long du corps jusqu’à la poitrine, coudes hauts.
Upright_Cable_Row	Rowing vertical à la poulie	Barre de la poulie basse, monte-la jusqu’au menton, coudes plus hauts que les mains.
Upright_Row_-_With_Bands	Rowing vertical à l’élastique	Élastique sous les pieds, monte les poignées jusqu’à la poitrine, coudes hauts.
Band_Skull_Crusher	Barre au front à l’élastique	Couché, élastique ancré derrière la tête, tends les bras vers le plafond en gardant les coudes fixes.
Bench_Press_-_Powerlifting	Développé couché (style dynamophilie)	Arche légère, omoplates serrées, pieds bien ancrés, descends la barre au bas de la poitrine puis pousse.
Bench_Press_with_Chains	Développé couché avec chaînes	Développé couché avec des chaînes : la charge augmente en montant.
Board_Press	Développé sur planches	Planches posées sur la poitrine, descends la barre jusqu’aux planches puis pousse ; renforce le haut du mouvement.
Body_Tricep_Press	Extension des triceps au poids du corps	Mains sur une barre basse, corps incliné, plie les coudes pour amener le front vers la barre, puis pousse.
Body-Up	Body-up (planche aux triceps)	En planche sur les avant-bras, pousse jusqu’aux bras tendus en tendant les coudes, puis redescends.
Cable_Incline_Triceps_Extension	Extension des triceps à la poulie sur banc incliné	Couché sur un banc incliné dos à la poulie, tends les bras au-dessus de la tête.
Cable_Lying_Triceps_Extension	Extension des triceps couché à la poulie	Couché devant la poulie basse, barre au-dessus du front, tends les bras vers le plafond.
Cable_One_Arm_Tricep_Extension	Extension des triceps un bras à la poulie	Face à la poulie haute, pousse la poignée vers le bas d’une main en gardant le coude collé.
Cable_Rope_Overhead_Triceps_Extension	Extension des triceps à la corde au-dessus de la tête	Dos à la poulie, corde derrière la tête, tends les bras vers l’avant et le haut.
Chain_Handle_Extension	Extension aux poignées à chaînes	Poignées suspendues à des chaînes, fais des extensions de triceps penché vers l’avant.
Close-Grip_Barbell_Bench_Press	Développé couché prise serrée	Mains à largeur d’épaules, coudes près du corps, descends la barre au bas de la poitrine puis pousse.
Close-Grip_Dumbbell_Press	Développé serré aux haltères	Haltères collés l’un à l’autre au-dessus de la poitrine, descends et pousse en gardant les coudes près du corps.
Close-Grip_EZ-Bar_Press	Développé serré à la barre EZ	Barre EZ en prise serrée, coudes près du corps, descends vers la poitrine puis pousse.
Close-Grip_Push-Up_off_of_a_Dumbbell	Pompe serrée sur un haltère	Mains sur un haltère posé au sol, coudes près du corps, fais des pompes.
Decline_Close-Grip_Bench_To_Skull_Crusher	Développé serré décliné puis barre au front	Sur un banc décliné, enchaîne une barre au front et un développé serré.
Decline_Dumbbell_Triceps_Extension	Extension des triceps déclinée aux haltères	Sur un banc décliné, descends les haltères près de la tête en pliant les coudes, puis tends les bras.
Decline_EZ_Bar_Triceps_Extension	Extension des triceps déclinée à la barre EZ	Sur un banc décliné, descends la barre EZ vers le front, puis tends les bras.
Dips_-_Triceps_Version	Dips (version triceps)	Aux barres parallèles, buste droit, descends en pliant les coudes puis pousse jusqu’aux bras tendus.
Dumbbell_Floor_Press	Développé au sol aux haltères	Couché au sol, descends les haltères jusqu’à ce que les coudes touchent le sol, puis pousse.
Dumbbell_One-Arm_Triceps_Extension	Extension des triceps un bras à l’haltère	Haltère au-dessus de la tête, descends-le derrière la tête en pliant le coude, puis tends le bras.
Dumbbell_Tricep_Extension_-Pronated_Grip	Extension des triceps prise pronation	Couché, haltères paumes vers les pieds, descends-les vers les oreilles puis tends les bras.
EZ-Bar_Skullcrusher	Barre au front (barre EZ)	Couché, barre EZ au-dessus de la poitrine, descends-la vers le front en pliant les coudes, puis tends.
Floor_Press	Développé au sol	Couché au sol sous la barre, descends jusqu’à ce que les coudes touchent le sol, puis pousse.
Floor_Press_with_Chains	Développé au sol avec chaînes	Développé au sol avec des chaînes : la charge augmente en montant.
Incline_Barbell_Triceps_Extension	Extension des triceps inclinée à la barre	Sur un banc incliné, descends la barre derrière la tête en pliant les coudes, puis tends les bras.
Incline_Push-Up_Close-Grip	Pompes inclinées prise serrée	Mains rapprochées sur un banc, coudes près du corps, fais des pompes.
JM_Press	JM press	Barre au-dessus de la poitrine, descends-la vers le menton en pliant les coudes vers l’avant, puis pousse.
Kneeling_Cable_Triceps_Extension	Extension des triceps à genoux à la poulie	À genoux dos à la poulie haute, corde derrière la tête, tends les bras vers l’avant.
Low_Cable_Triceps_Extension	Extension des triceps à la poulie basse	Dos à la poulie basse, corde derrière la tête, tends les bras vers le haut.
Lying_Close-Grip_Barbell_Triceps_Extension_Behind_The_Head	Extension des triceps derrière la tête à la barre	Couché, barre en prise serrée, descends-la derrière la tête puis tends les bras.
Lying_Close-Grip_Barbell_Triceps_Press_To_Chin	Développé triceps vers le menton	Couché, barre EZ en prise serrée, descends-la vers le menton en pliant les coudes, puis pousse.
Lying_Dumbbell_Tricep_Extension	Extension des triceps couché aux haltères	Couché, haltères au-dessus de la poitrine, descends-les près des oreilles puis tends les bras.
Machine_Triceps_Extension	Extension des triceps à la machine	Bras sur l’appui de la machine, pousse les poignées jusqu’aux bras tendus.
One_Arm_Floor_Press	Développé au sol un bras	Couché au sol, pousse la barre ou l’haltère d’un seul bras.
One_Arm_Pronated_Dumbbell_Triceps_Extension	Extension un bras prise pronation	Couché, haltère paume vers les pieds, descends-le vers l’épaule opposée puis tends le bras.
One_Arm_Supinated_Dumbbell_Triceps_Extension	Extension un bras prise supination	Couché, haltère paume vers toi, descends-le près de l’épaule puis tends le bras.
Overhead_Triceps	Étirement des triceps au-dessus de la tête	Main dans le dos derrière la tête, pousse doucement le coude vers le bas avec l’autre main.
Parallel_Bar_Dip	Dips aux barres parallèles	Aux barres parallèles, descends jusqu’à ce que les épaules soient au niveau des coudes, puis pousse.
Pin_Presses	Développé depuis des butées	Barre posée sur des butées au-dessus de la poitrine, pousse-la depuis l’arrêt jusqu’aux bras tendus.
Reverse_Band_Bench_Press	Développé couché avec élastiques inversés	Des élastiques allègent la barre en bas pour travailler le haut du développé.
Reverse_Grip_Triceps_Pushdown	Extension à la poulie prise inversée	Face à la poulie haute, barre en prise supination, pousse vers le bas en gardant les coudes collés.
Reverse_Triceps_Bench_Press	Développé couché prise inversée	Barre en prise supination, coudes près du corps, descends au bas de la poitrine puis pousse.
Ring_Dips	Dips aux anneaux	Aux anneaux, descends en gardant les anneaux près du corps, puis pousse ; plus instable que les barres.
Seated_Bent-Over_One-Arm_Dumbbell_Triceps_Extension	Extension un bras assis penché	Assis penché vers l’avant, coude collé au corps, tends l’avant-bras vers l’arrière.
Seated_Bent-Over_Two-Arm_Dumbbell_Triceps_Extension	Extension deux bras assis penché	Assis penché vers l’avant, coudes collés au corps, tends les deux avant-bras vers l’arrière.
Seated_Triceps_Press	Extension des triceps assis	Assis, un haltère tenu à deux mains au-dessus de la tête, descends-le derrière puis tends les bras.
Sled_Overhead_Triceps_Extension	Extension des triceps au traîneau au-dessus de la tête	Sangles du traîneau tenues derrière la tête, tends les bras vers l’avant en avançant.
Smith_Machine_Close-Grip_Bench_Press	Développé serré à la Smith	Sous la Smith, mains à largeur d’épaules, coudes près du corps, descends puis pousse.
Speed_Band_Overhead_Triceps	Extension des triceps rapide à l’élastique	Élastique ancré derrière toi, tends les bras au-dessus de la tête rapidement.
Standing_Bent-Over_One-Arm_Dumbbell_Triceps_Extension	Extension un bras debout penché	Penché vers l’avant, coude collé au corps, tends l’avant-bras vers l’arrière.
Standing_Bent-Over_Two-Arm_Dumbbell_Triceps_Extension	Extension deux bras debout penché	Penché vers l’avant, coudes collés au corps, tends les deux avant-bras vers l’arrière.
Standing_Low-Pulley_One-Arm_Triceps_Extension	Extension un bras à la poulie basse	Dos à la poulie basse, poignée derrière la tête, tends le bras vers le haut.
Standing_One-Arm_Dumbbell_Triceps_Extension	Extension un bras debout à l’haltère	Debout, haltère au-dessus de la tête, descends-le derrière la tête puis tends le bras.
Standing_Overhead_Barbell_Triceps_Extension	Extension des triceps debout à la barre	Debout, barre au-dessus de la tête, descends-la derrière la tête en pliant les coudes, puis tends.
Standing_Towel_Triceps_Extension	Extension des triceps à la serviette	Serviette derrière la tête, une main tire vers le haut pendant que l’autre résiste vers le bas.
Supine_Chest_Throw	Lancer à la poitrine couché	Couché, lance le ballon vers le haut depuis la poitrine, rattrape-le et relance.
Tate_Press	Tate press	Couché, haltères au-dessus de la poitrine, plie les coudes vers l’extérieur pour amener les haltères à la poitrine.
Tricep_Dumbbell_Kickback	Kickback triceps à l’haltère	Penché, coude collé au corps, tends l’avant-bras vers l’arrière en serrant le triceps.
Tricep_Side_Stretch	Étirement latéral des triceps	Main derrière la tête, tire le coude vers le côté opposé en penchant légèrement le buste.
Triceps_Pushdown_-_Rope_Attachment	Extension des triceps à la corde	Face à la poulie haute, corde en main, pousse vers le bas en écartant les mains en bas.
Triceps_Pushdown_-_V-Bar_Attachment	Extension des triceps barre en V	Face à la poulie haute, barre en V, pousse vers le bas en gardant les coudes collés.
Triceps_Stretch	Étirement des triceps	Bras plié derrière la tête, pousse doucement le coude vers le bas avec l’autre main.
Weighted_Bench_Dip	Dips sur banc lestés	Mains sur un banc derrière toi, charge sur les cuisses, descends en pliant les coudes puis pousse.
